学号,证书名称,证书编号,获得日期,状态,审核人,审核意见
202300001,大学英语四级证书,7100464592,2024-11-28,待审核,,
202300001,全国计算机等级考试二级证书,617200000,2026-01-06,通过,李文静,材料齐全，同意认定
202300002,普通话水平测试二级甲等证书,373220504,2024-01-25,待审核,,
202300002,全国计算机等级考试二级证书,554611775,2024-04-11,待审核,,
202300003,大学英语四级证书,7100227295,2025-03-02,通过,李文静,材料齐全，同意认定
202300003,AutoCAD 机械设计工程师认证,CAD529864,2023-05-16,通过,李文静,佐证材料完整，予以通过
202300004,大学英语四级证书,7100403736,2026-06-17,通过,李文静,佐证材料完整，予以通过
202300004,普通话水平测试二级甲等证书,376240083,2026-01-19,通过,李文静,佐证材料完整，予以通过
202300005,AutoCAD 机械设计工程师认证,CAD480849,2026-04-22,通过,李文静,符合认定条件，通过
202300005,普通话水平测试二级甲等证书,374927773,2026-01-14,公示中,李文静,符合认定条件，通过
202300006,大学英语六级证书,6400541945,2026-06-07,通过,李文静,材料齐全，同意认定
202300006,全国计算机等级考试二级证书,594693518,2026-08-15,通过,李文静,佐证材料完整，予以通过
202300007,机动车驾驶证（C1）,3706116809,2023-03-02,通过,李文静,符合认定条件，通过
202300007,全国计算机等级考试二级证书,625133557,2026-07-21,公示中,李文静,佐证材料完整，予以通过
202300008,普通话水平测试二级甲等证书,377571906,2024-05-07,通过,李文静,材料齐全，同意认定
202300008,普通话水平测试二级甲等证书,376615229,2024-05-09,通过,李文静,材料齐全，同意认定
202300009,机动车驾驶证（C1）,3706569155,2025-11-26,通过,李文静,符合认定条件，通过
202300009,大学英语六级证书,6400737967,2025-04-18,通过,李文静,材料齐全，同意认定
202300010,大学英语六级证书,6400943800,2024-05-20,通过,李文静,材料齐全，同意认定
202300010,大学英语四级证书,7100963220,2026-01-08,待审核,,
202300011,AutoCAD 机械设计工程师认证,CAD282115,2026-02-24,待审核,,
202300011,普通话水平测试二级甲等证书,370340662,2025-07-22,通过,李文静,佐证材料完整，予以通过
202300012,大学英语六级证书,6400928766,2023-05-27,待审核,,
202300012,全国计算机等级考试二级证书,553700487,2024-01-22,通过,李文静,佐证材料完整，予以通过
202300013,大学英语六级证书,6400300780,2025-05-06,通过,李文静,材料齐全，同意认定
202300013,大学英语六级证书,6400314993,2026-03-24,通过,李文静,佐证材料完整，予以通过
202300014,机动车驾驶证（C1）,3706582535,2023-08-27,通过,李文静,材料齐全，同意认定
202300014,普通话水平测试二级甲等证书,375517053,2024-08-26,通过,李文静,材料齐全，同意认定
202300015,大学英语六级证书,6400458026,2023-04-22,通过,李文静,材料齐全，同意认定
202300015,机动车驾驶证（C1）,3706585387,2024-09-12,待审核,,
202300016,普通话水平测试二级甲等证书,374559543,2023-11-11,通过,李文静,符合认定条件，通过
202300016,AutoCAD 机械设计工程师认证,CAD808788,2024-11-18,通过,李文静,材料齐全，同意认定
202300017,大学英语四级证书,7100363463,2025-08-04,通过,李文静,材料齐全，同意认定
202300017,大学英语四级证书,7100234369,2024-03-17,公示中,李文静,佐证材料完整，予以通过
202300018,大学英语六级证书,6400420567,2025-05-10,待审核,,
202300018,机动车驾驶证（C1）,3706473133,2026-06-16,通过,李文静,符合认定条件，通过
202300019,全国计算机等级考试二级证书,616643604,2025-09-21,通过,李文静,符合认定条件，通过
202300019,机动车驾驶证（C1）,3706267811,2023-08-02,通过,李文静,佐证材料完整，予以通过
202300020,AutoCAD 机械设计工程师认证,CAD395864,2023-03-24,公示中,李文静,符合认定条件，通过
202300020,全国计算机等级考试二级证书,633269385,2024-08-22,通过,李文静,材料齐全，同意认定
202300021,机动车驾驶证（C1）,3706260957,2025-09-07,待审核,,
202300021,大学英语四级证书,7100448573,2024-12-20,通过,李文静,符合认定条件，通过
202300022,全国计算机等级考试二级证书,613201783,2026-01-27,通过,李文静,符合认定条件，通过
202300022,普通话水平测试二级甲等证书,373298051,2025-05-20,通过,李文静,符合认定条件，通过
202300023,机动车驾驶证（C1）,3706827385,2023-03-21,通过,李文静,符合认定条件，通过
202300023,全国计算机等级考试二级证书,578854904,2026-05-22,通过,李文静,符合认定条件，通过
202300024,普通话水平测试二级甲等证书,376942036,2026-05-28,待审核,,
202300024,AutoCAD 机械设计工程师认证,CAD125778,2024-10-26,待审核,,
202300025,大学英语四级证书,7100468688,2026-02-25,通过,李文静,材料齐全，同意认定
202300025,大学英语六级证书,6400414434,2024-11-10,通过,李文静,佐证材料完整，予以通过
202300026,大学英语六级证书,6400650131,2026-07-18,通过,李文静,佐证材料完整，予以通过
202300026,大学英语六级证书,6400511266,2026-05-10,通过,李文静,佐证材料完整，予以通过
202300027,大学英语四级证书,7100159406,2023-11-15,通过,李文静,佐证材料完整，予以通过
202300027,全国计算机等级考试二级证书,592708384,2025-09-12,通过,李文静,符合认定条件，通过
202300028,AutoCAD 机械设计工程师认证,CAD515280,2024-01-23,通过,李文静,佐证材料完整，予以通过
202300028,普通话水平测试二级甲等证书,374771508,2024-05-05,通过,李文静,符合认定条件，通过
202300029,大学英语六级证书,6400876919,2024-12-07,通过,李文静,材料齐全，同意认定
202300029,全国计算机等级考试二级证书,571422165,2025-12-08,通过,李文静,材料齐全，同意认定
202300030,大学英语四级证书,7100172980,2024-01-15,待审核,,
202300030,机动车驾驶证（C1）,3706467206,2023-12-26,待审核,,
202300031,普通话水平测试二级甲等证书,371254292,2026-05-22,通过,李文静,材料齐全，同意认定
202300031,AutoCAD 机械设计工程师认证,CAD462721,2024-09-27,通过,李文静,符合认定条件，通过
202300032,AutoCAD 机械设计工程师认证,CAD856764,2024-01-15,通过,李文静,符合认定条件，通过
202300032,大学英语六级证书,6400472341,2026-06-17,通过,李文静,佐证材料完整，予以通过
202300033,大学英语四级证书,7100548653,2024-03-04,通过,李文静,材料齐全，同意认定
202300033,AutoCAD 机械设计工程师认证,CAD336948,2023-05-28,通过,李文静,材料齐全，同意认定
202300034,机动车驾驶证（C1）,3706535260,2023-03-04,通过,李文静,佐证材料完整，予以通过
202300034,全国计算机等级考试二级证书,634712165,2025-07-12,通过,李文静,佐证材料完整，予以通过
202300035,大学英语四级证书,7100510990,2025-05-10,通过,李文静,佐证材料完整，予以通过
202300035,普通话水平测试二级甲等证书,372648070,2025-03-18,通过,李文静,符合认定条件，通过
202300036,大学英语六级证书,6400379249,2023-08-04,通过,李文静,佐证材料完整，予以通过
202300036,机动车驾驶证（C1）,3706328978,2025-04-21,通过,李文静,佐证材料完整，予以通过
202300037,机动车驾驶证（C1）,3706861431,2025-09-05,通过,李文静,佐证材料完整，予以通过
202300037,AutoCAD 机械设计工程师认证,CAD315475,2026-02-13,通过,李文静,符合认定条件，通过
202300038,机动车驾驶证（C1）,3706825848,2024-01-14,通过,李文静,符合认定条件，通过
202300038,普通话水平测试二级甲等证书,377599628,2023-04-19,通过,李文静,佐证材料完整，予以通过
202300039,大学英语六级证书,6400644223,2024-11-28,通过,李文静,材料齐全，同意认定
202300039,AutoCAD 机械设计工程师认证,CAD238430,2024-09-16,待审核,,
202300040,普通话水平测试二级甲等证书,377192677,2025-02-22,通过,李文静,佐证材料完整，予以通过
202300040,大学英语四级证书,7100670198,2024-04-09,通过,李文静,符合认定条件，通过
202300041,普通话水平测试二级甲等证书,376976702,2026-07-15,通过,李文静,符合认定条件，通过
202300041,大学英语六级证书,6400798559,2023-09-21,通过,李文静,材料齐全，同意认定
202300042,普通话水平测试二级甲等证书,375478430,2024-09-20,通过,李文静,佐证材料完整，予以通过
202300042,大学英语六级证书,6400969385,2024-10-23,通过,李文静,佐证材料完整，予以通过
202300043,大学英语六级证书,6400988401,2026-08-18,通过,李文静,符合认定条件，通过
202300043,普通话水平测试二级甲等证书,377621273,2023-07-26,通过,李文静,佐证材料完整，予以通过
202300044,全国计算机等级考试二级证书,537267960,2024-10-20,通过,李文静,佐证材料完整，予以通过
202300044,大学英语四级证书,7100331148,2026-04-14,通过,李文静,材料齐全，同意认定
202300045,机动车驾驶证（C1）,3706269335,2026-06-26,通过,李文静,材料齐全，同意认定
202300045,大学英语六级证书,6400545221,2025-03-25,通过,李文静,材料齐全，同意认定
202300046,普通话水平测试二级甲等证书,374395714,2023-09-05,通过,李文静,材料齐全，同意认定
202300046,AutoCAD 机械设计工程师认证,CAD346353,2025-02-25,通过,李文静,材料齐全，同意认定
202300047,全国计算机等级考试二级证书,557793271,2026-04-10,通过,李文静,材料齐全，同意认定
202300047,普通话水平测试二级甲等证书,374894757,2023-07-14,通过,李文静,佐证材料完整，予以通过
202300048,全国计算机等级考试二级证书,516388628,2023-10-02,通过,李文静,佐证材料完整，予以通过
202300048,大学英语六级证书,6400465647,2023-04-24,通过,李文静,材料齐全，同意认定
202300049,普通话水平测试二级甲等证书,372621083,2024-03-27,通过,李文静,佐证材料完整，予以通过
202300049,大学英语六级证书,6400620738,2025-05-22,待审核,,
202300050,机动车驾驶证（C1）,3706866830,2023-11-24,通过,李文静,佐证材料完整，予以通过
202300050,大学英语四级证书,7100776836,2026-02-22,通过,李文静,佐证材料完整，予以通过
202300051,大学英语四级证书,7100467133,2026-05-07,通过,李文静,符合认定条件，通过
202300051,普通话水平测试二级甲等证书,375698477,2025-06-14,待审核,,
202300052,全国计算机等级考试二级证书,547099214,2024-10-06,通过,李文静,佐证材料完整，予以通过
202300052,大学英语六级证书,6400791959,2026-03-26,通过,李文静,佐证材料完整，予以通过
202300053,大学英语四级证书,7100822514,2024-10-05,通过,李文静,符合认定条件，通过
202300053,普通话水平测试二级甲等证书,372979426,2026-07-08,通过,李文静,佐证材料完整，予以通过
202300054,大学英语四级证书,7100379605,2026-05-17,待审核,,
202300054,AutoCAD 机械设计工程师认证,CAD541124,2024-10-10,通过,李文静,符合认定条件，通过
202300055,机动车驾驶证（C1）,3706942316,2024-04-24,通过,李文静,佐证材料完整，予以通过
202300055,AutoCAD 机械设计工程师认证,CAD901732,2023-08-18,通过,李文静,佐证材料完整，予以通过
202300056,大学英语六级证书,6400564498,2024-07-08,通过,李文静,佐证材料完整，予以通过
202300056,大学英语六级证书,6400423538,2026-01-24,通过,李文静,符合认定条件，通过
202300057,全国计算机等级考试二级证书,573847746,2023-12-24,通过,李文静,佐证材料完整，予以通过
202300057,大学英语六级证书,6400781563,2026-02-17,通过,李文静,符合认定条件，通过
202300058,机动车驾驶证（C1）,3706586992,2025-06-27,通过,李文静,符合认定条件，通过
202300058,机动车驾驶证（C1）,3706410065,2023-03-17,待审核,,
202300059,机动车驾驶证（C1）,3706915045,2026-06-06,待审核,,
202300059,普通话水平测试二级甲等证书,372854808,2024-03-02,待审核,,
202300060,机动车驾驶证（C1）,3706949411,2024-04-16,通过,李文静,材料齐全，同意认定
202300060,机动车驾驶证（C1）,3706326721,2024-08-28,通过,李文静,佐证材料完整，予以通过
202300061,大学英语六级证书,6400505718,2023-08-06,通过,李文静,符合认定条件，通过
202300061,大学英语四级证书,7100283536,2026-05-13,公示中,李文静,符合认定条件，通过
202300062,AutoCAD 机械设计工程师认证,CAD453687,2023-11-17,通过,李文静,符合认定条件，通过
202300062,机动车驾驶证（C1）,3706103726,2024-04-19,通过,李文静,材料齐全，同意认定
202300063,AutoCAD 机械设计工程师认证,CAD275962,2023-02-05,通过,李文静,材料齐全，同意认定
202300063,AutoCAD 机械设计工程师认证,CAD385562,2025-04-15,通过,李文静,符合认定条件，通过
202300064,大学英语四级证书,7100268044,2026-04-08,通过,李文静,材料齐全，同意认定
202300064,全国计算机等级考试二级证书,564978182,2024-05-22,通过,李文静,材料齐全，同意认定
202300065,大学英语六级证书,6400524377,2024-12-23,待审核,,
202300065,全国计算机等级考试二级证书,592157731,2025-12-20,待审核,,
202300066,全国计算机等级考试二级证书,536677274,2025-11-01,通过,李文静,佐证材料完整，予以通过
202300066,普通话水平测试二级甲等证书,373553775,2025-05-25,通过,李文静,佐证材料完整，予以通过
202300067,机动车驾驶证（C1）,3706594429,2023-04-02,通过,李文静,佐证材料完整，予以通过
202300067,全国计算机等级考试二级证书,588342862,2024-05-25,通过,李文静,符合认定条件，通过
202300068,大学英语四级证书,7100671247,2025-12-03,通过,李文静,符合认定条件，通过
202300068,大学英语六级证书,6400497906,2026-05-26,通过,李文静,符合认定条件，通过
202300069,机动车驾驶证（C1）,3706908369,2024-03-23,通过,李文静,符合认定条件，通过
202300069,机动车驾驶证（C1）,3706436494,2023-03-09,待审核,,
202300070,机动车驾驶证（C1）,3706689376,2025-06-25,通过,李文静,符合认定条件，通过
202300070,普通话水平测试二级甲等证书,375270168,2025-12-20,公示中,李文静,佐证材料完整，予以通过
202300071,普通话水平测试二级甲等证书,379243521,2023-06-16,通过,李文静,材料齐全，同意认定
202300071,大学英语四级证书,7100718535,2026-08-21,通过,李文静,佐证材料完整，予以通过
202300072,全国计算机等级考试二级证书,535973589,2025-01-08,通过,李文静,佐证材料完整，予以通过
202300072,AutoCAD 机械设计工程师认证,CAD134622,2023-08-23,通过,李文静,材料齐全，同意认定
202300073,大学英语四级证书,7100170309,2023-09-15,通过,李文静,符合认定条件，通过
202300073,大学英语四级证书,7100337342,2024-08-26,通过,李文静,佐证材料完整，予以通过
202300074,大学英语六级证书,6400241790,2026-04-02,通过,李文静,材料齐全，同意认定
202300074,大学英语四级证书,7100452219,2025-08-24,通过,李文静,符合认定条件，通过
202300075,AutoCAD 机械设计工程师认证,CAD182022,2024-09-14,通过,李文静,佐证材料完整，予以通过
202300075,机动车驾驶证（C1）,3706250269,2026-03-17,待审核,,
202300076,大学英语四级证书,7100696352,2026-05-11,通过,李文静,佐证材料完整，予以通过
202300076,全国计算机等级考试二级证书,569534977,2024-11-24,公示中,李文静,佐证材料完整，予以通过
202300077,AutoCAD 机械设计工程师认证,CAD547874,2024-08-09,通过,李文静,符合认定条件，通过
202300077,大学英语四级证书,7100243609,2024-07-12,通过,李文静,材料齐全，同意认定
202300078,普通话水平测试二级甲等证书,373666876,2026-04-24,待审核,,
202300078,AutoCAD 机械设计工程师认证,CAD613527,2025-06-10,通过,李文静,材料齐全，同意认定
202300079,普通话水平测试二级甲等证书,377564412,2025-03-21,通过,李文静,符合认定条件，通过
202300079,大学英语四级证书,7100874500,2024-03-15,通过,李文静,佐证材料完整，予以通过
202300080,全国计算机等级考试二级证书,601968661,2025-11-14,通过,李文静,符合认定条件，通过
202300080,大学英语六级证书,6400609444,2023-07-01,待审核,,
202300081,大学英语六级证书,6400334164,2026-02-20,待审核,,
202300081,普通话水平测试二级甲等证书,373739040,2024-06-27,通过,李文静,材料齐全，同意认定
202300082,AutoCAD 机械设计工程师认证,CAD293865,2023-12-16,公示中,李文静,佐证材料完整，予以通过
202300082,机动车驾驶证（C1）,3706562835,2023-08-17,通过,李文静,佐证材料完整，予以通过
202300083,AutoCAD 机械设计工程师认证,CAD253041,2025-11-05,通过,李文静,佐证材料完整，予以通过
202300083,大学英语六级证书,6400291197,2024-01-01,待审核,,
202300084,大学英语六级证书,6400771744,2025-12-04,通过,李文静,符合认定条件，通过
202300084,大学英语六级证书,6400816758,2025-10-22,通过,李文静,材料齐全，同意认定
202300085,机动车驾驶证（C1）,3706176076,2023-10-03,通过,李文静,符合认定条件，通过
202300085,大学英语六级证书,6400674020,2025-04-12,通过,李文静,材料齐全，同意认定
202300086,大学英语四级证书,7100136016,2023-01-06,通过,李文静,材料齐全，同意认定
202300086,大学英语四级证书,7100230149,2024-10-05,通过,李文静,材料齐全，同意认定
202300087,机动车驾驶证（C1）,3706774075,2025-10-25,公示中,李文静,佐证材料完整，予以通过
202300087,AutoCAD 机械设计工程师认证,CAD421278,2026-08-23,待审核,,
202300088,大学英语六级证书,6400763259,2024-07-10,通过,李文静,材料齐全，同意认定
202300088,大学英语六级证书,6400621462,2024-12-26,通过,李文静,材料齐全，同意认定
202300089,机动车驾驶证（C1）,3706457354,2025-04-17,通过,李文静,材料齐全，同意认定
202300089,大学英语六级证书,6400545630,2024-12-21,通过,李文静,材料齐全，同意认定
202300090,AutoCAD 机械设计工程师认证,CAD368833,2023-06-02,通过,李文静,符合认定条件，通过
202300090,AutoCAD 机械设计工程师认证,CAD624481,2023-03-18,通过,李文静,符合认定条件，通过
202300091,AutoCAD 机械设计工程师认证,CAD841266,2026-01-21,通过,李文静,佐证材料完整，予以通过
202300091,普通话水平测试二级甲等证书,370186835,2024-09-17,通过,李文静,符合认定条件，通过
202300092,机动车驾驶证（C1）,3706426911,2024-01-12,通过,李文静,符合认定条件，通过
202300092,普通话水平测试二级甲等证书,375576351,2024-08-26,通过,李文静,材料齐全，同意认定
202300093,普通话水平测试二级甲等证书,372212651,2023-08-19,通过,李文静,材料齐全，同意认定
202300093,全国计算机等级考试二级证书,514677745,2026-08-02,通过,李文静,符合认定条件，通过
202300094,普通话水平测试二级甲等证书,375990541,2025-07-17,通过,李文静,材料齐全，同意认定
202300094,大学英语六级证书,6400235064,2025-07-11,通过,李文静,佐证材料完整，予以通过
202300095,机动车驾驶证（C1）,3706258087,2025-07-01,通过,李文静,符合认定条件，通过
202300095,全国计算机等级考试二级证书,532376804,2023-08-20,通过,李文静,佐证材料完整，予以通过
202300096,AutoCAD 机械设计工程师认证,CAD296782,2025-06-18,通过,李文静,符合认定条件，通过
202300096,大学英语四级证书,7100167944,2025-12-09,待审核,,
202300097,机动车驾驶证（C1）,3706406087,2023-03-21,通过,李文静,佐证材料完整，予以通过
202300097,大学英语四级证书,7100560232,2026-01-17,通过,李文静,佐证材料完整，予以通过
202300098,全国计算机等级考试二级证书,622652290,2023-04-14,通过,李文静,佐证材料完整，予以通过
202300098,大学英语六级证书,6400235685,2024-06-11,通过,李文静,材料齐全，同意认定
202300099,AutoCAD 机械设计工程师认证,CAD323241,2026-04-19,通过,李文静,材料齐全，同意认定
202300099,普通话水平测试二级甲等证书,376638008,2025-01-05,通过,李文静,佐证材料完整，予以通过
202300100,全国计算机等级考试二级证书,578826922,2024-06-14,通过,李文静,佐证材料完整，予以通过
202300100,机动车驾驶证（C1）,3706667712,2024-08-12,待审核,,
202300101,大学英语四级证书,7100687818,2024-06-03,通过,李文静,佐证材料完整，予以通过
202300101,AutoCAD 机械设计工程师认证,CAD371921,2024-04-10,通过,李文静,佐证材料完整，予以通过
202300102,AutoCAD 机械设计工程师认证,CAD475018,2025-03-07,通过,李文静,符合认定条件，通过
202300102,AutoCAD 机械设计工程师认证,CAD708971,2026-02-05,待审核,,
202300103,机动车驾驶证（C1）,3706650898,2025-09-22,待审核,,
202300103,大学英语四级证书,7100703620,2023-02-20,通过,李文静,佐证材料完整，予以通过
202300104,机动车驾驶证（C1）,3706240242,2026-03-04,通过,李文静,材料齐全，同意认定
202300104,普通话水平测试二级甲等证书,370122987,2026-06-06,通过,李文静,佐证材料完整，予以通过
202300105,大学英语四级证书,7100514388,2024-02-05,通过,李文静,材料齐全，同意认定
202300105,普通话水平测试二级甲等证书,372523002,2026-08-25,待审核,,
202300106,大学英语六级证书,6400294645,2026-05-14,通过,李文静,佐证材料完整，予以通过
202300106,大学英语六级证书,6400542085,2026-08-05,通过,李文静,材料齐全，同意认定
202300107,大学英语四级证书,7100397937,2025-02-02,通过,李文静,佐证材料完整，予以通过
202300107,大学英语六级证书,6400728635,2025-09-25,通过,李文静,佐证材料完整，予以通过
202300108,大学英语四级证书,7100576905,2023-02-16,通过,李文静,佐证材料完整，予以通过
202300108,AutoCAD 机械设计工程师认证,CAD276266,2026-06-12,公示中,李文静,佐证材料完整，予以通过
202300109,大学英语四级证书,7100581989,2023-10-11,通过,李文静,符合认定条件，通过
202300109,大学英语六级证书,6400840174,2026-08-17,通过,李文静,符合认定条件，通过
202300110,大学英语四级证书,7100176361,2026-03-19,通过,李文静,佐证材料完整，予以通过
202300110,AutoCAD 机械设计工程师认证,CAD901934,2024-05-20,通过,李文静,符合认定条件，通过
202300111,普通话水平测试二级甲等证书,379256728,2025-03-23,通过,李文静,佐证材料完整，予以通过
202300111,AutoCAD 机械设计工程师认证,CAD610129,2023-09-18,待审核,,
202300112,机动车驾驶证（C1）,3706630876,2025-07-05,通过,李文静,材料齐全，同意认定
202300112,大学英语六级证书,6400596004,2025-11-15,待审核,,
202300113,大学英语四级证书,7100681898,2024-02-16,公示中,李文静,材料齐全，同意认定
202300113,大学英语四级证书,7100154889,2023-05-02,通过,李文静,佐证材料完整，予以通过
202300114,全国计算机等级考试二级证书,583889190,2024-09-19,通过,李文静,佐证材料完整，予以通过
202300114,AutoCAD 机械设计工程师认证,CAD197339,2023-06-22,通过,李文静,符合认定条件，通过
202300115,全国计算机等级考试二级证书,511044947,2026-07-17,通过,李文静,材料齐全，同意认定
202300115,大学英语四级证书,7100587542,2024-08-19,通过,李文静,佐证材料完整，予以通过
202300116,普通话水平测试二级甲等证书,378754054,2024-04-04,通过,李文静,符合认定条件，通过
202300116,AutoCAD 机械设计工程师认证,CAD210355,2024-09-03,通过,李文静,佐证材料完整，予以通过
202300117,普通话水平测试二级甲等证书,375635877,2026-06-22,通过,李文静,符合认定条件，通过
202300117,机动车驾驶证（C1）,3706775536,2024-06-03,通过,李文静,符合认定条件，通过
202300118,AutoCAD 机械设计工程师认证,CAD623636,2023-07-05,通过,李文静,材料齐全，同意认定
202300118,大学英语六级证书,6400450819,2023-10-26,通过,李文静,佐证材料完整，予以通过
202300119,普通话水平测试二级甲等证书,375164925,2023-11-24,通过,李文静,材料齐全，同意认定
202300119,机动车驾驶证（C1）,3706967849,2026-01-24,待审核,,
202300120,AutoCAD 机械设计工程师认证,CAD245561,2026-04-28,通过,李文静,佐证材料完整，予以通过
202300120,AutoCAD 机械设计工程师认证,CAD360357,2026-05-18,待审核,,
202300121,AutoCAD 机械设计工程师认证,CAD237707,2024-03-09,通过,李文静,符合认定条件，通过
202300121,全国计算机等级考试二级证书,524239648,2024-02-27,通过,李文静,佐证材料完整，予以通过
202300122,机动车驾驶证（C1）,3706993608,2023-07-10,待审核,,
202300122,大学英语四级证书,7100490215,2024-05-18,通过,李文静,佐证材料完整，予以通过
202300123,机动车驾驶证（C1）,3706336623,2025-03-01,通过,李文静,佐证材料完整，予以通过
202300123,普通话水平测试二级甲等证书,377315843,2026-08-16,通过,李文静,佐证材料完整，予以通过
202300124,AutoCAD 机械设计工程师认证,CAD268208,2024-09-15,通过,李文静,符合认定条件，通过
202300124,机动车驾驶证（C1）,3706340384,2026-08-05,通过,李文静,符合认定条件，通过
202300125,AutoCAD 机械设计工程师认证,CAD122366,2023-11-23,通过,李文静,材料齐全，同意认定
202300125,机动车驾驶证（C1）,3706357942,2025-08-19,通过,李文静,材料齐全，同意认定
202300126,大学英语四级证书,7100371855,2023-03-21,通过,李文静,材料齐全，同意认定
202300126,大学英语六级证书,6400847601,2026-04-17,通过,李文静,佐证材料完整，予以通过
202300127,AutoCAD 机械设计工程师认证,CAD294117,2024-10-16,通过,李文静,佐证材料完整，予以通过
202300127,机动车驾驶证（C1）,3706989996,2026-03-14,通过,李文静,材料齐全，同意认定
202300128,机动车驾驶证（C1）,3706640873,2023-08-24,通过,李文静,佐证材料完整，予以通过
202300128,AutoCAD 机械设计工程师认证,CAD500517,2026-07-26,通过,李文静,符合认定条件，通过
202300129,普通话水平测试二级甲等证书,370367575,2024-10-28,通过,李文静,符合认定条件，通过
202300129,AutoCAD 机械设计工程师认证,CAD350616,2026-06-11,待审核,,
202300130,大学英语六级证书,6400313626,2024-01-04,待审核,,
202300130,AutoCAD 机械设计工程师认证,CAD996828,2025-02-10,通过,李文静,佐证材料完整，予以通过
202300131,全国计算机等级考试二级证书,538697162,2024-10-14,通过,李文静,材料齐全，同意认定
202300131,全国计算机等级考试二级证书,524910352,2025-06-02,通过,李文静,佐证材料完整，予以通过
202300132,大学英语四级证书,7100694880,2023-07-20,通过,李文静,佐证材料完整，予以通过
202300132,全国计算机等级考试二级证书,628113475,2023-05-11,通过,李文静,符合认定条件，通过
202300133,普通话水平测试二级甲等证书,374285329,2025-11-20,通过,李文静,材料齐全，同意认定
202300133,全国计算机等级考试二级证书,608763069,2025-12-10,通过,李文静,符合认定条件，通过
202300134,AutoCAD 机械设计工程师认证,CAD586575,2025-05-28,通过,李文静,符合认定条件，通过
202300134,机动车驾驶证（C1）,3706904427,2024-06-12,通过,李文静,材料齐全，同意认定
202300135,AutoCAD 机械设计工程师认证,CAD569338,2025-04-20,通过,李文静,符合认定条件，通过
202300135,大学英语六级证书,6400526560,2023-06-12,通过,李文静,材料齐全，同意认定
202300136,AutoCAD 机械设计工程师认证,CAD108753,2026-08-11,待审核,,
202300136,普通话水平测试二级甲等证书,378024273,2024-03-24,通过,李文静,材料齐全，同意认定
202300137,机动车驾驶证（C1）,3706558958,2023-04-25,通过,王海燕,材料齐全，同意认定
202300137,全国计算机等级考试二级证书,515409868,2025-12-11,待审核,,
202300138,机动车驾驶证（C1）,3706118853,2026-02-01,通过,王海燕,符合认定条件，通过
202300138,大学英语四级证书,7100755233,2024-09-07,通过,王海燕,材料齐全，同意认定
202300139,大学英语六级证书,6400270015,2023-05-10,通过,王海燕,符合认定条件，通过
202300139,大学英语六级证书,6400650481,2025-07-18,通过,王海燕,材料齐全，同意认定
202300140,全国计算机等级考试二级证书,578544770,2025-09-03,通过,王海燕,符合认定条件，通过
202300140,机动车驾驶证（C1）,3706378790,2023-10-22,通过,王海燕,材料齐全，同意认定
202300141,机动车驾驶证（C1）,3706729286,2026-08-19,通过,王海燕,佐证材料完整，予以通过
202300141,大学英语四级证书,7100292915,2024-08-27,通过,王海燕,材料齐全，同意认定
202300142,大学英语六级证书,6400679569,2023-01-10,通过,王海燕,符合认定条件，通过
202300142,AutoCAD 机械设计工程师认证,CAD111386,2026-04-10,通过,王海燕,符合认定条件，通过
202300143,AutoCAD 机械设计工程师认证,CAD945733,2023-03-15,通过,王海燕,材料齐全，同意认定
202300143,AutoCAD 机械设计工程师认证,CAD867672,2023-07-23,通过,王海燕,佐证材料完整，予以通过
202300144,大学英语六级证书,6400556944,2025-08-14,通过,王海燕,符合认定条件，通过
202300144,AutoCAD 机械设计工程师认证,CAD653194,2026-04-17,通过,王海燕,佐证材料完整，予以通过
202300145,AutoCAD 机械设计工程师认证,CAD911382,2024-12-13,通过,王海燕,符合认定条件，通过
202300145,机动车驾驶证（C1）,3706596116,2023-08-13,通过,王海燕,材料齐全，同意认定
202300146,大学英语四级证书,7100244876,2024-04-07,通过,王海燕,材料齐全，同意认定
202300146,全国计算机等级考试二级证书,556796328,2023-06-19,通过,王海燕,佐证材料完整，予以通过
202300147,大学英语六级证书,6400515274,2025-12-23,通过,王海燕,符合认定条件，通过
202300147,全国计算机等级考试二级证书,611959718,2026-05-11,通过,王海燕,材料齐全，同意认定
202300148,AutoCAD 机械设计工程师认证,CAD720002,2026-03-19,通过,王海燕,佐证材料完整，予以通过
202300148,全国计算机等级考试二级证书,588010037,2026-01-01,通过,王海燕,材料齐全，同意认定
202300149,全国计算机等级考试二级证书,558609678,2026-07-22,通过,王海燕,佐证材料完整，予以通过
202300149,普通话水平测试二级甲等证书,371312137,2023-02-01,通过,王海燕,符合认定条件，通过
202300150,机动车驾驶证（C1）,3706146710,2025-01-27,通过,王海燕,符合认定条件，通过
202300150,大学英语六级证书,6400721163,2023-06-23,通过,王海燕,材料齐全，同意认定
202300151,AutoCAD 机械设计工程师认证,CAD559395,2026-02-02,通过,王海燕,佐证材料完整，予以通过
202300151,全国计算机等级考试二级证书,598551216,2026-03-04,通过,王海燕,材料齐全，同意认定
202300152,全国计算机等级考试二级证书,587068082,2024-09-15,通过,王海燕,符合认定条件，通过
202300152,机动车驾驶证（C1）,3706281005,2023-12-08,通过,王海燕,符合认定条件，通过
202300153,机动车驾驶证（C1）,3706512657,2026-02-23,通过,王海燕,佐证材料完整，予以通过
202300153,全国计算机等级考试二级证书,603887420,2025-07-15,通过,王海燕,材料齐全，同意认定
202300154,AutoCAD 机械设计工程师认证,CAD733243,2023-03-11,待审核,,
202300154,机动车驾驶证（C1）,3706573633,2025-06-19,待审核,,
202300155,大学英语六级证书,6400877617,2026-07-24,通过,王海燕,佐证材料完整，予以通过
202300155,普通话水平测试二级甲等证书,379284164,2025-02-20,待审核,,
202300156,大学英语四级证书,7100134988,2025-11-20,通过,王海燕,符合认定条件，通过
202300156,大学英语六级证书,6400434422,2025-05-18,通过,王海燕,符合认定条件，通过
202300157,AutoCAD 机械设计工程师认证,CAD803796,2026-02-01,待审核,,
202300157,AutoCAD 机械设计工程师认证,CAD409580,2024-02-12,通过,王海燕,材料齐全，同意认定
202300158,AutoCAD 机械设计工程师认证,CAD364905,2023-08-01,通过,王海燕,符合认定条件，通过
202300158,全国计算机等级考试二级证书,613957498,2023-07-03,通过,王海燕,材料齐全，同意认定
202300159,全国计算机等级考试二级证书,549990468,2024-09-10,通过,王海燕,材料齐全，同意认定
202300159,普通话水平测试二级甲等证书,371973166,2026-04-01,通过,王海燕,佐证材料完整，予以通过
202300160,全国计算机等级考试二级证书,622628210,2024-02-04,通过,王海燕,材料齐全，同意认定
202300160,全国计算机等级考试二级证书,565142074,2024-01-09,待审核,,
202300161,普通话水平测试二级甲等证书,374070180,2026-07-01,通过,王海燕,材料齐全，同意认定
202300161,大学英语六级证书,6400736289,2026-03-09,通过,王海燕,佐证材料完整，予以通过
202300162,普通话水平测试二级甲等证书,372395476,2024-04-24,待审核,,
202300162,大学英语六级证书,6400745197,2025-04-15,通过,王海燕,佐证材料完整，予以通过
202300163,AutoCAD 机械设计工程师认证,CAD709656,2024-07-16,通过,王海燕,材料齐全，同意认定
202300163,全国计算机等级考试二级证书,561897888,2025-11-11,通过,王海燕,材料齐全，同意认定
202300164,全国计算机等级考试二级证书,604744802,2025-10-19,通过,王海燕,佐证材料完整，予以通过
202300164,大学英语四级证书,7100201144,2023-11-15,通过,王海燕,材料齐全，同意认定
202300165,大学英语六级证书,6400297622,2025-04-15,通过,王海燕,佐证材料完整，予以通过
202300165,普通话水平测试二级甲等证书,371160276,2025-08-24,通过,王海燕,佐证材料完整，予以通过
202300166,普通话水平测试二级甲等证书,376039312,2023-01-09,通过,王海燕,符合认定条件，通过
202300166,全国计算机等级考试二级证书,518018309,2023-08-02,通过,王海燕,材料齐全，同意认定
202300167,机动车驾驶证（C1）,3706985629,2025-11-18,通过,王海燕,材料齐全，同意认定
202300167,普通话水平测试二级甲等证书,375061502,2023-12-18,通过,王海燕,材料齐全，同意认定
202300168,大学英语四级证书,7100563823,2023-03-28,通过,王海燕,材料齐全，同意认定
202300168,大学英语六级证书,6400477513,2024-09-10,待审核,,
202300169,全国计算机等级考试二级证书,532285722,2026-02-08,通过,王海燕,佐证材料完整，予以通过
202300169,全国计算机等级考试二级证书,613786783,2025-06-16,通过,王海燕,佐证材料完整，予以通过
202300170,大学英语四级证书,7100833732,2026-06-26,通过,王海燕,佐证材料完整，予以通过
202300170,大学英语六级证书,6400945728,2025-05-26,通过,王海燕,佐证材料完整，予以通过
202300171,全国计算机等级考试二级证书,623846018,2026-05-01,通过,王海燕,佐证材料完整，予以通过
202300171,普通话水平测试二级甲等证书,372774289,2026-01-25,通过,王海燕,佐证材料完整，予以通过
202300172,全国计算机等级考试二级证书,612892178,2024-04-23,通过,王海燕,符合认定条件，通过
202300172,AutoCAD 机械设计工程师认证,CAD879782,2024-11-21,待审核,,
202300173,普通话水平测试二级甲等证书,377993773,2023-10-08,待审核,,
202300173,AutoCAD 机械设计工程师认证,CAD384135,2025-09-18,通过,王海燕,符合认定条件，通过
202300174,大学英语六级证书,6400379676,2026-04-12,公示中,王海燕,佐证材料完整，予以通过
202300174,机动车驾驶证（C1）,3706263864,2026-07-11,待审核,,
202300175,普通话水平测试二级甲等证书,370935002,2024-03-10,通过,王海燕,佐证材料完整，予以通过
202300175,普通话水平测试二级甲等证书,377122451,2025-01-22,通过,王海燕,材料齐全，同意认定
202300176,机动车驾驶证（C1）,3706522489,2025-07-18,通过,王海燕,佐证材料完整，予以通过
202300176,AutoCAD 机械设计工程师认证,CAD105696,2024-08-06,通过,王海燕,佐证材料完整，予以通过
202300177,大学英语六级证书,6400434989,2024-01-11,公示中,王海燕,符合认定条件，通过
202300177,全国计算机等级考试二级证书,623456743,2024-01-05,通过,王海燕,佐证材料完整，予以通过
202300178,大学英语六级证书,6400792026,2024-09-14,待审核,,
202300178,普通话水平测试二级甲等证书,371631539,2023-01-17,通过,王海燕,材料齐全，同意认定
202300179,普通话水平测试二级甲等证书,373072689,2023-10-15,待审核,,
202300179,AutoCAD 机械设计工程师认证,CAD650368,2026-05-25,通过,王海燕,佐证材料完整，予以通过
202300180,大学英语四级证书,7100249388,2023-12-08,通过,王海燕,符合认定条件，通过
202300180,大学英语六级证书,6400543597,2025-11-02,通过,王海燕,材料齐全，同意认定
202300181,大学英语六级证书,6400883436,2023-06-21,通过,王海燕,符合认定条件，通过
202300181,大学英语四级证书,7100367460,2024-05-02,通过,王海燕,材料齐全，同意认定
202300182,大学英语四级证书,7100305365,2024-05-09,通过,王海燕,材料齐全，同意认定
202300182,AutoCAD 机械设计工程师认证,CAD967923,2026-05-07,通过,王海燕,材料齐全，同意认定
202300183,大学英语六级证书,6400228003,2023-11-23,通过,王海燕,佐证材料完整，予以通过
202300183,全国计算机等级考试二级证书,605668944,2025-04-26,通过,王海燕,符合认定条件，通过
202300184,AutoCAD 机械设计工程师认证,CAD793248,2024-11-27,待审核,,
202300184,AutoCAD 机械设计工程师认证,CAD968689,2023-11-07,通过,王海燕,材料齐全，同意认定
202300185,大学英语六级证书,6400207969,2025-06-14,待审核,,
202300185,大学英语六级证书,6400505740,2025-07-07,通过,王海燕,符合认定条件，通过
202300186,机动车驾驶证（C1）,3706326613,2026-07-24,通过,王海燕,材料齐全，同意认定
202300186,大学英语六级证书,6400611816,2025-10-17,通过,王海燕,材料齐全，同意认定
202300187,普通话水平测试二级甲等证书,373119622,2026-07-24,通过,王海燕,符合认定条件，通过
202300187,大学英语四级证书,7100172351,2024-01-13,通过,王海燕,符合认定条件，通过
202300188,机动车驾驶证（C1）,3706673437,2023-04-05,公示中,王海燕,佐证材料完整，予以通过
202300188,大学英语四级证书,7100891750,2026-06-15,通过,王海燕,材料齐全，同意认定
202300189,大学英语六级证书,6400225520,2025-01-02,待审核,,
202300189,大学英语六级证书,6400937468,2026-05-17,通过,王海燕,符合认定条件，通过
202300190,大学英语六级证书,6400228183,2025-11-25,通过,王海燕,佐证材料完整，予以通过
202300190,AutoCAD 机械设计工程师认证,CAD498825,2026-01-09,公示中,王海燕,材料齐全，同意认定
202300191,普通话水平测试二级甲等证书,379691805,2025-05-26,待审核,,
202300191,机动车驾驶证（C1）,3706390354,2023-07-15,待审核,,
202300192,全国计算机等级考试二级证书,601385565,2026-01-21,通过,王海燕,符合认定条件，通过
202300192,AutoCAD 机械设计工程师认证,CAD529779,2025-01-14,通过,王海燕,材料齐全，同意认定
202300193,机动车驾驶证（C1）,3706245194,2026-08-26,通过,王海燕,材料齐全，同意认定
202300193,大学英语四级证书,7100963858,2023-07-15,通过,王海燕,材料齐全，同意认定
202300194,大学英语六级证书,6400326331,2025-04-17,通过,王海燕,材料齐全，同意认定
202300194,大学英语四级证书,7100817407,2026-03-12,通过,王海燕,材料齐全，同意认定
202300195,机动车驾驶证（C1）,3706770478,2024-06-26,通过,王海燕,佐证材料完整，予以通过
202300195,大学英语四级证书,7100458921,2025-04-04,通过,王海燕,符合认定条件，通过
202300196,全国计算机等级考试二级证书,516256372,2024-09-14,通过,王海燕,符合认定条件，通过
202300196,普通话水平测试二级甲等证书,378224311,2025-01-21,通过,王海燕,符合认定条件，通过
202300197,AutoCAD 机械设计工程师认证,CAD875290,2024-10-13,通过,王海燕,材料齐全，同意认定
202300197,大学英语六级证书,6400176605,2024-12-02,通过,王海燕,符合认定条件，通过
202300198,全国计算机等级考试二级证书,528929772,2026-05-02,通过,王海燕,符合认定条件，通过
202300198,机动车驾驶证（C1）,3706483452,2026-06-20,通过,王海燕,佐证材料完整，予以通过
202300199,机动车驾驶证（C1）,3706747645,2025-07-02,通过,王海燕,符合认定条件，通过
202300199,全国计算机等级考试二级证书,602642396,2025-04-21,通过,王海燕,符合认定条件，通过
202300200,大学英语六级证书,6400796542,2023-02-17,通过,王海燕,佐证材料完整，予以通过
202300200,机动车驾驶证（C1）,3706102980,2023-09-06,通过,王海燕,佐证材料完整，予以通过
202300201,大学英语六级证书,6400710063,2023-07-08,通过,王海燕,符合认定条件，通过
202300201,机动车驾驶证（C1）,3706555695,2024-09-10,待审核,,
202300202,机动车驾驶证（C1）,3706295515,2025-09-27,通过,王海燕,符合认定条件，通过
202300202,AutoCAD 机械设计工程师认证,CAD124580,2026-04-21,通过,王海燕,符合认定条件，通过
202300203,大学英语六级证书,6400107469,2023-07-04,通过,王海燕,符合认定条件，通过
202300203,AutoCAD 机械设计工程师认证,CAD839315,2025-08-07,通过,王海燕,佐证材料完整，予以通过
202300204,大学英语四级证书,7100597113,2023-02-25,通过,王海燕,佐证材料完整，予以通过
202300204,大学英语四级证书,7100278406,2025-07-06,通过,王海燕,材料齐全，同意认定
202300205,大学英语四级证书,7100463742,2024-10-15,通过,刘志强,佐证材料完整，予以通过
202300205,大学英语四级证书,7100637389,2023-08-14,通过,刘志强,材料齐全，同意认定
202300206,机动车驾驶证（C1）,3706565628,2023-02-10,通过,刘志强,符合认定条件，通过
202300206,AutoCAD 机械设计工程师认证,CAD514603,2024-03-22,通过,刘志强,符合认定条件，通过
202300207,AutoCAD 机械设计工程师认证,CAD116157,2024-08-04,通过,刘志强,符合认定条件，通过
202300207,全国计算机等级考试二级证书,516052601,2023-08-26,通过,刘志强,材料齐全，同意认定
202300208,全国计算机等级考试二级证书,646009854,2023-06-04,待审核,,
202300208,普通话水平测试二级甲等证书,371754853,2024-11-12,通过,刘志强,材料齐全，同意认定
202300209,全国计算机等级考试二级证书,542031600,2026-08-11,待审核,,
202300209,机动车驾驶证（C1）,3706195919,2024-07-18,公示中,刘志强,材料齐全，同意认定
202300210,大学英语六级证书,6400781723,2023-06-07,通过,刘志强,佐证材料完整，予以通过
202300210,AutoCAD 机械设计工程师认证,CAD451215,2025-05-03,通过,刘志强,符合认定条件，通过
202300211,大学英语四级证书,7100363939,2025-09-08,通过,刘志强,符合认定条件，通过
202300211,普通话水平测试二级甲等证书,379273861,2026-04-10,通过,刘志强,材料齐全，同意认定
202300212,普通话水平测试二级甲等证书,377330247,2024-08-19,通过,刘志强,佐证材料完整，予以通过
202300212,AutoCAD 机械设计工程师认证,CAD892638,2024-06-26,通过,刘志强,材料齐全，同意认定
202300213,大学英语六级证书,6400928925,2024-10-18,通过,刘志强,材料齐全，同意认定
202300213,机动车驾驶证（C1）,3706779319,2023-09-02,通过,刘志强,符合认定条件，通过
202300214,大学英语六级证书,6400907049,2023-06-06,公示中,刘志强,符合认定条件，通过
202300214,普通话水平测试二级甲等证书,370162141,2024-12-25,待审核,,
202300215,普通话水平测试二级甲等证书,373161100,2023-03-04,通过,刘志强,符合认定条件，通过
202300215,大学英语四级证书,7100784411,2025-05-25,通过,刘志强,佐证材料完整，予以通过
202300216,普通话水平测试二级甲等证书,371989671,2024-04-19,通过,刘志强,佐证材料完整，予以通过
202300216,全国计算机等级考试二级证书,646151103,2023-02-09,通过,刘志强,佐证材料完整，予以通过
202300217,大学英语六级证书,6400748111,2025-04-15,通过,刘志强,材料齐全，同意认定
202300217,全国计算机等级考试二级证书,579424359,2023-07-09,通过,刘志强,佐证材料完整，予以通过
202300218,AutoCAD 机械设计工程师认证,CAD252131,2026-03-16,通过,刘志强,符合认定条件，通过
202300218,大学英语六级证书,6400507217,2025-07-11,通过,刘志强,佐证材料完整，予以通过
202300219,大学英语六级证书,6400939478,2023-05-14,通过,刘志强,符合认定条件，通过
202300219,全国计算机等级考试二级证书,636076420,2025-04-24,通过,刘志强,材料齐全，同意认定
202300220,大学英语四级证书,7100457088,2026-04-27,通过,刘志强,材料齐全，同意认定
202300220,大学英语四级证书,7100783767,2023-07-20,通过,刘志强,符合认定条件，通过
202300221,普通话水平测试二级甲等证书,375440849,2026-08-26,通过,刘志强,符合认定条件，通过
202300221,大学英语四级证书,7100176246,2026-03-19,通过,刘志强,材料齐全，同意认定
202300222,全国计算机等级考试二级证书,584455385,2025-01-02,通过,刘志强,佐证材料完整，予以通过
202300222,普通话水平测试二级甲等证书,371411620,2024-03-13,通过,刘志强,佐证材料完整，予以通过
202300223,普通话水平测试二级甲等证书,375536007,2023-06-03,通过,刘志强,符合认定条件，通过
202300223,大学英语四级证书,7100930518,2026-03-16,通过,刘志强,符合认定条件，通过
202300224,全国计算机等级考试二级证书,612709646,2025-11-16,通过,刘志强,佐证材料完整，予以通过
202300224,普通话水平测试二级甲等证书,377820463,2024-04-05,待审核,,
202300225,AutoCAD 机械设计工程师认证,CAD260535,2025-04-14,通过,刘志强,符合认定条件，通过
202300225,机动车驾驶证（C1）,3706934805,2025-03-23,待审核,,
202300226,大学英语四级证书,7100641474,2026-07-02,通过,刘志强,材料齐全，同意认定
202300226,机动车驾驶证（C1）,3706582622,2026-06-15,通过,刘志强,符合认定条件，通过
202300227,大学英语四级证书,7100598746,2025-10-19,通过,刘志强,符合认定条件，通过
202300227,机动车驾驶证（C1）,3706291558,2025-08-14,通过,刘志强,材料齐全，同意认定
202300228,AutoCAD 机械设计工程师认证,CAD147260,2023-04-25,通过,刘志强,佐证材料完整，予以通过
202300228,普通话水平测试二级甲等证书,371399774,2026-07-04,公示中,刘志强,材料齐全，同意认定
202300229,AutoCAD 机械设计工程师认证,CAD773562,2026-06-14,通过,刘志强,材料齐全，同意认定
202300229,普通话水平测试二级甲等证书,376496139,2023-05-20,通过,刘志强,符合认定条件，通过
202300230,普通话水平测试二级甲等证书,378833877,2026-05-25,通过,刘志强,佐证材料完整，予以通过
202300230,全国计算机等级考试二级证书,557693083,2023-09-28,通过,刘志强,材料齐全，同意认定
202300231,大学英语六级证书,6400429197,2023-04-10,通过,刘志强,材料齐全，同意认定
202300231,大学英语六级证书,6400847654,2025-05-16,待审核,,
202300232,普通话水平测试二级甲等证书,373256103,2023-01-04,待审核,,
202300232,大学英语四级证书,7100914537,2023-05-08,通过,刘志强,佐证材料完整，予以通过
202300233,大学英语四级证书,7100842573,2024-08-07,通过,刘志强,佐证材料完整，予以通过
202300233,全国计算机等级考试二级证书,619287331,2025-12-21,通过,刘志强,符合认定条件，通过
202300234,大学英语六级证书,6400458088,2025-11-22,通过,刘志强,材料齐全，同意认定
202300234,机动车驾驶证（C1）,3706548504,2026-01-06,通过,刘志强,材料齐全，同意认定
202300235,大学英语四级证书,7100164105,2025-03-01,通过,刘志强,佐证材料完整，予以通过
202300235,机动车驾驶证（C1）,3706646332,2026-04-02,通过,刘志强,佐证材料完整，予以通过
202300236,全国计算机等级考试二级证书,579333411,2025-08-28,通过,刘志强,材料齐全，同意认定
202300236,大学英语四级证书,7100263723,2023-03-14,待审核,,
202300237,大学英语四级证书,7100491962,2024-11-03,通过,刘志强,材料齐全，同意认定
202300237,机动车驾驶证（C1）,3706888288,2025-07-07,通过,刘志强,符合认定条件，通过
202300238,机动车驾驶证（C1）,3706264191,2025-12-02,公示中,刘志强,材料齐全，同意认定
202300238,大学英语六级证书,6400681610,2024-07-05,待审核,,
202300239,机动车驾驶证（C1）,3706120032,2024-12-25,通过,刘志强,材料齐全，同意认定
202300239,普通话水平测试二级甲等证书,377787746,2025-09-11,通过,刘志强,材料齐全，同意认定
202300240,全国计算机等级考试二级证书,532886651,2024-11-08,待审核,,
202300240,机动车驾驶证（C1）,3706164924,2023-08-19,待审核,,
202300241,大学英语四级证书,7100896929,2024-10-13,通过,刘志强,材料齐全，同意认定
202300241,大学英语六级证书,6400247920,2026-01-05,通过,刘志强,符合认定条件，通过
202300242,AutoCAD 机械设计工程师认证,CAD731287,2026-06-12,公示中,刘志强,材料齐全，同意认定
202300242,大学英语六级证书,6400355020,2024-01-25,通过,刘志强,佐证材料完整，予以通过
202300243,普通话水平测试二级甲等证书,377240032,2026-04-21,通过,刘志强,材料齐全，同意认定
202300243,大学英语四级证书,7100157662,2023-12-18,通过,刘志强,佐证材料完整，予以通过
202300244,机动车驾驶证（C1）,3706752033,2023-07-07,通过,刘志强,材料齐全，同意认定
202300244,大学英语四级证书,7100933465,2025-09-23,通过,刘志强,材料齐全，同意认定
202300245,机动车驾驶证（C1）,3706661178,2024-01-20,待审核,,
202300245,机动车驾驶证（C1）,3706546574,2026-04-10,通过,刘志强,材料齐全，同意认定
202300246,大学英语四级证书,7100757902,2023-03-22,通过,刘志强,佐证材料完整，予以通过
202300246,机动车驾驶证（C1）,3706138678,2026-03-14,通过,刘志强,材料齐全，同意认定
202300247,普通话水平测试二级甲等证书,378648491,2026-06-13,通过,刘志强,佐证材料完整，予以通过
202300247,大学英语四级证书,7100231336,2026-02-03,通过,刘志强,佐证材料完整，予以通过
202300248,普通话水平测试二级甲等证书,375981205,2023-11-27,通过,刘志强,符合认定条件，通过
202300248,大学英语六级证书,6400892413,2023-02-20,通过,刘志强,材料齐全，同意认定
202300249,大学英语六级证书,6400323157,2025-08-23,待审核,,
202300249,大学英语四级证书,7100575762,2026-02-24,通过,刘志强,符合认定条件，通过
202300250,机动车驾驶证（C1）,3706188813,2025-12-06,通过,刘志强,材料齐全，同意认定
202300250,全国计算机等级考试二级证书,542009732,2024-05-26,通过,刘志强,符合认定条件，通过
202300251,机动车驾驶证（C1）,3706832082,2024-01-23,通过,刘志强,符合认定条件，通过
202300251,机动车驾驶证（C1）,3706450331,2025-05-19,通过,刘志强,材料齐全，同意认定
202300252,大学英语六级证书,6400750397,2024-04-24,通过,刘志强,材料齐全，同意认定
202300252,大学英语六级证书,6400319924,2025-03-27,通过,刘志强,佐证材料完整，予以通过
202300253,AutoCAD 机械设计工程师认证,CAD676439,2023-12-24,通过,刘志强,符合认定条件，通过
202300253,普通话水平测试二级甲等证书,375261671,2024-05-27,通过,刘志强,符合认定条件，通过
202300254,AutoCAD 机械设计工程师认证,CAD372295,2026-01-24,公示中,刘志强,佐证材料完整，予以通过
202300254,AutoCAD 机械设计工程师认证,CAD585012,2024-08-01,待审核,,
202300255,普通话水平测试二级甲等证书,375925081,2024-02-01,通过,刘志强,符合认定条件，通过
202300255,AutoCAD 机械设计工程师认证,CAD736108,2026-04-20,通过,刘志强,佐证材料完整，予以通过
202300256,大学英语四级证书,7100383189,2024-01-10,通过,刘志强,佐证材料完整，予以通过
202300256,AutoCAD 机械设计工程师认证,CAD430257,2025-02-04,通过,刘志强,佐证材料完整，予以通过
202300257,机动车驾驶证（C1）,3706620771,2023-04-22,通过,刘志强,佐证材料完整，予以通过
202300257,普通话水平测试二级甲等证书,377411634,2026-07-28,通过,刘志强,符合认定条件，通过
202300258,机动车驾驶证（C1）,3706986196,2023-04-12,待审核,,
202300258,普通话水平测试二级甲等证书,377284242,2026-07-20,通过,刘志强,佐证材料完整，予以通过
202300259,大学英语四级证书,7100304079,2024-04-13,通过,刘志强,符合认定条件，通过
202300259,普通话水平测试二级甲等证书,378126825,2023-01-26,通过,刘志强,材料齐全，同意认定
202300260,全国计算机等级考试二级证书,611086473,2026-07-04,待审核,,
202300260,机动车驾驶证（C1）,3706159045,2025-12-22,通过,刘志强,材料齐全，同意认定
202300261,机动车驾驶证（C1）,3706568277,2026-05-24,通过,刘志强,佐证材料完整，予以通过
202300261,AutoCAD 机械设计工程师认证,CAD675648,2025-02-11,通过,刘志强,符合认定条件，通过
202300262,全国计算机等级考试二级证书,563006468,2023-08-22,通过,刘志强,材料齐全，同意认定
202300262,全国计算机等级考试二级证书,542599193,2025-10-14,通过,刘志强,佐证材料完整，予以通过
202300263,大学英语六级证书,6400279840,2023-10-15,通过,刘志强,材料齐全，同意认定
202300263,机动车驾驶证（C1）,3706151489,2025-08-27,待审核,,
202300264,机动车驾驶证（C1）,3706120991,2025-06-05,通过,刘志强,佐证材料完整，予以通过
202300264,普通话水平测试二级甲等证书,371632990,2023-12-06,通过,刘志强,材料齐全，同意认定
202300265,AutoCAD 机械设计工程师认证,CAD710653,2024-11-28,通过,刘志强,佐证材料完整，予以通过
202300265,大学英语四级证书,7100583521,2024-03-25,通过,刘志强,材料齐全，同意认定
202300266,机动车驾驶证（C1）,3706169253,2023-10-14,通过,刘志强,材料齐全，同意认定
202300266,全国计算机等级考试二级证书,545661653,2026-05-20,待审核,,
202300267,机动车驾驶证（C1）,3706741930,2026-08-18,通过,刘志强,材料齐全，同意认定
202300267,大学英语四级证书,7100263492,2024-11-12,通过,刘志强,符合认定条件，通过
202300268,普通话水平测试二级甲等证书,371369644,2026-07-23,待审核,,
202300268,AutoCAD 机械设计工程师认证,CAD749307,2026-02-03,通过,刘志强,材料齐全，同意认定
202300269,大学英语六级证书,6400128869,2026-02-05,通过,刘志强,符合认定条件，通过
202300269,全国计算机等级考试二级证书,518503569,2026-06-18,通过,刘志强,材料齐全，同意认定
202300270,普通话水平测试二级甲等证书,374969546,2026-06-25,通过,刘志强,材料齐全，同意认定
202300270,大学英语四级证书,7100511417,2023-10-24,通过,刘志强,佐证材料完整，予以通过
202300271,普通话水平测试二级甲等证书,374095940,2024-04-16,通过,赵鹏,佐证材料完整，予以通过
202300271,大学英语六级证书,6400890460,2024-08-14,通过,赵鹏,佐证材料完整，予以通过
202300272,机动车驾驶证（C1）,3706460648,2023-06-23,通过,赵鹏,符合认定条件，通过
202300272,普通话水平测试二级甲等证书,376771212,2025-04-12,通过,赵鹏,佐证材料完整，予以通过
202300273,AutoCAD 机械设计工程师认证,CAD633111,2023-03-22,通过,赵鹏,符合认定条件，通过
202300273,大学英语四级证书,7100645645,2024-11-08,通过,赵鹏,材料齐全，同意认定
202300274,大学英语四级证书,7100770079,2025-11-08,通过,赵鹏,材料齐全，同意认定
202300274,AutoCAD 机械设计工程师认证,CAD821450,2026-06-28,通过,赵鹏,佐证材料完整，予以通过
202300275,AutoCAD 机械设计工程师认证,CAD248423,2023-06-13,待审核,,
202300275,大学英语六级证书,6400967919,2024-02-22,通过,赵鹏,佐证材料完整，予以通过
202300276,大学英语六级证书,6400956456,2024-02-25,通过,赵鹏,佐证材料完整，予以通过
202300276,普通话水平测试二级甲等证书,372120139,2025-05-07,通过,赵鹏,符合认定条件，通过
202300277,全国计算机等级考试二级证书,511804089,2025-05-26,通过,赵鹏,符合认定条件，通过
202300277,AutoCAD 机械设计工程师认证,CAD446065,2025-01-14,通过,赵鹏,材料齐全，同意认定
202300278,大学英语六级证书,6400338021,2024-05-11,通过,赵鹏,材料齐全，同意认定
202300278,大学英语六级证书,6400837500,2023-04-07,通过,赵鹏,佐证材料完整，予以通过
202300279,大学英语四级证书,7100646220,2026-07-02,待审核,,
202300279,全国计算机等级考试二级证书,625831136,2026-07-07,通过,赵鹏,材料齐全，同意认定
202300280,全国计算机等级考试二级证书,551871185,2024-06-07,通过,赵鹏,佐证材料完整，予以通过
202300280,机动车驾驶证（C1）,3706756756,2024-05-28,待审核,,
202300281,大学英语四级证书,7100160955,2025-09-07,通过,赵鹏,佐证材料完整，予以通过
202300281,普通话水平测试二级甲等证书,371177084,2026-02-26,通过,赵鹏,材料齐全，同意认定
202300282,大学英语四级证书,7100490940,2026-02-03,通过,赵鹏,符合认定条件，通过
202300282,大学英语六级证书,6400800849,2026-03-16,通过,赵鹏,符合认定条件，通过
202300283,AutoCAD 机械设计工程师认证,CAD563509,2024-07-15,通过,赵鹏,佐证材料完整，予以通过
202300283,大学英语四级证书,7100600544,2025-09-03,通过,赵鹏,材料齐全，同意认定
202300284,大学英语六级证书,6400593227,2026-01-01,通过,赵鹏,符合认定条件，通过
202300284,大学英语四级证书,7100943678,2023-12-21,待审核,,
202300285,AutoCAD 机械设计工程师认证,CAD507366,2025-04-05,通过,赵鹏,符合认定条件，通过
202300285,机动车驾驶证（C1）,3706814313,2025-08-06,通过,赵鹏,佐证材料完整，予以通过
202300286,全国计算机等级考试二级证书,571320590,2023-11-11,通过,赵鹏,材料齐全，同意认定
202300286,大学英语四级证书,7100912981,2025-11-07,通过,赵鹏,材料齐全，同意认定
202300287,AutoCAD 机械设计工程师认证,CAD823279,2024-10-15,通过,赵鹏,佐证材料完整，予以通过
202300287,AutoCAD 机械设计工程师认证,CAD569007,2024-04-14,通过,赵鹏,符合认定条件，通过
202300288,大学英语六级证书,6400691861,2026-06-16,待审核,,
202300288,AutoCAD 机械设计工程师认证,CAD220296,2026-02-16,通过,赵鹏,材料齐全，同意认定
202300289,全国计算机等级考试二级证书,589640195,2026-07-11,待审核,,
202300289,大学英语六级证书,6400178713,2025-05-28,通过,赵鹏,符合认定条件，通过
202300290,AutoCAD 机械设计工程师认证,CAD552767,2026-03-06,通过,赵鹏,佐证材料完整，予以通过
202300290,大学英语四级证书,7100916718,2024-11-22,公示中,赵鹏,佐证材料完整，予以通过
202300291,大学英语六级证书,6400629490,2025-09-15,待审核,,
202300291,普通话水平测试二级甲等证书,374127732,2025-01-17,通过,赵鹏,材料齐全，同意认定
202300292,大学英语四级证书,7100395116,2026-05-06,待审核,,
202300292,大学英语六级证书,6400467484,2023-05-04,通过,赵鹏,材料齐全，同意认定
202300293,AutoCAD 机械设计工程师认证,CAD294722,2023-07-08,通过,赵鹏,符合认定条件，通过
202300293,大学英语六级证书,6400875176,2024-12-20,通过,赵鹏,符合认定条件，通过
202300294,普通话水平测试二级甲等证书,375767007,2023-03-10,通过,赵鹏,符合认定条件，通过
202300294,AutoCAD 机械设计工程师认证,CAD857877,2024-09-15,通过,赵鹏,佐证材料完整，予以通过
202300295,全国计算机等级考试二级证书,536098425,2024-10-01,通过,赵鹏,符合认定条件，通过
202300295,机动车驾驶证（C1）,3706931123,2026-07-16,通过,赵鹏,材料齐全，同意认定
202300296,大学英语六级证书,6400327193,2025-05-04,通过,赵鹏,佐证材料完整，予以通过
202300296,全国计算机等级考试二级证书,535751924,2024-04-08,通过,赵鹏,佐证材料完整，予以通过
202300297,全国计算机等级考试二级证书,591485867,2025-04-28,通过,赵鹏,材料齐全，同意认定
202300297,AutoCAD 机械设计工程师认证,CAD546321,2023-05-24,通过,赵鹏,符合认定条件，通过
202300298,机动车驾驶证（C1）,3706332211,2023-08-15,通过,赵鹏,佐证材料完整，予以通过
202300298,AutoCAD 机械设计工程师认证,CAD817934,2024-11-22,通过,赵鹏,佐证材料完整，予以通过
202300299,机动车驾驶证（C1）,3706865361,2023-05-04,通过,赵鹏,符合认定条件，通过
202300299,普通话水平测试二级甲等证书,371315016,2026-01-02,通过,赵鹏,佐证材料完整，予以通过
202300300,AutoCAD 机械设计工程师认证,CAD582502,2026-05-23,通过,赵鹏,佐证材料完整，予以通过
202300300,机动车驾驶证（C1）,3706931154,2026-02-26,通过,赵鹏,佐证材料完整，予以通过
202400301,机动车驾驶证（C1）,3706597787,2026-02-06,通过,张伟,佐证材料完整，予以通过
202400302,AutoCAD 机械设计工程师认证,CAD523855,2026-06-13,通过,张伟,符合认定条件，通过
202400303,普通话水平测试二级甲等证书,378456369,2024-04-12,通过,张伟,佐证材料完整，予以通过
202400304,大学英语六级证书,6400946467,2024-03-24,通过,张伟,材料齐全，同意认定
202400305,AutoCAD 机械设计工程师认证,CAD782194,2024-03-08,通过,张伟,佐证材料完整，予以通过
202400306,大学英语四级证书,7100981587,2024-10-01,通过,张伟,佐证材料完整，予以通过
202400307,大学英语四级证书,7100976430,2025-05-17,待审核,,
202400308,AutoCAD 机械设计工程师认证,CAD456967,2025-07-03,通过,张伟,佐证材料完整，予以通过
202400309,机动车驾驶证（C1）,3706540777,2025-02-13,通过,张伟,符合认定条件，通过
202400310,大学英语四级证书,7100715421,2025-07-24,通过,张伟,材料齐全，同意认定
202400311,普通话水平测试二级甲等证书,376755698,2025-11-23,通过,张伟,佐证材料完整，予以通过
202400312,普通话水平测试二级甲等证书,377731697,2024-05-25,通过,张伟,符合认定条件，通过
202400313,大学英语六级证书,6400514328,2025-03-02,待审核,,
202400314,AutoCAD 机械设计工程师认证,CAD179179,2025-12-16,通过,张伟,材料齐全，同意认定
202400315,大学英语四级证书,7100839825,2025-01-06,通过,张伟,材料齐全，同意认定
202400316,全国计算机等级考试二级证书,612156836,2025-02-02,通过,张伟,符合认定条件，通过
202400317,机动车驾驶证（C1）,3706258056,2025-05-24,待审核,,
202400318,大学英语六级证书,6400597010,2024-12-20,公示中,张伟,符合认定条件，通过
202400319,机动车驾驶证（C1）,3706607912,2025-07-14,通过,张伟,符合认定条件，通过
202400320,机动车驾驶证（C1）,3706532633,2024-06-26,通过,张伟,材料齐全，同意认定
202400321,全国计算机等级考试二级证书,538279796,2026-07-08,通过,张伟,符合认定条件，通过
202400322,普通话水平测试二级甲等证书,375983827,2024-01-09,通过,张伟,符合认定条件，通过
202400323,机动车驾驶证（C1）,3706103636,2024-05-10,通过,张伟,材料齐全，同意认定
202400324,机动车驾驶证（C1）,3706845990,2026-03-23,通过,张伟,材料齐全，同意认定
202400325,AutoCAD 机械设计工程师认证,CAD207895,2026-08-12,驳回,张伟,材料不完整，请补充佐证后重新提交
202400326,机动车驾驶证（C1）,3706107355,2024-02-06,待审核,,
202400327,大学英语四级证书,7100916682,2026-08-20,通过,张伟,材料齐全，同意认定
202400328,全国计算机等级考试二级证书,529604557,2025-05-17,待审核,,
202400329,AutoCAD 机械设计工程师认证,CAD467580,2025-01-05,驳回,张伟,盖章缺失，请重新上传完整材料
202400330,全国计算机等级考试二级证书,641894286,2026-03-18,通过,张伟,材料齐全，同意认定
202400331,机动车驾驶证（C1）,3706483679,2026-02-26,通过,张伟,材料齐全，同意认定
202400332,普通话水平测试二级甲等证书,375828452,2026-01-01,通过,张伟,材料齐全，同意认定
202400333,大学英语四级证书,7100235893,2024-10-19,通过,张伟,材料齐全，同意认定
202400334,全国计算机等级考试二级证书,557401912,2026-04-14,通过,张伟,符合认定条件，通过
202400335,全国计算机等级考试二级证书,627605076,2025-03-05,通过,张伟,符合认定条件，通过
202400336,大学英语六级证书,6400513282,2024-05-12,通过,张伟,佐证材料完整，予以通过
202400337,AutoCAD 机械设计工程师认证,CAD294920,2025-08-16,通过,张伟,符合认定条件，通过
202400338,大学英语六级证书,6400283240,2025-03-25,通过,张伟,材料齐全，同意认定
202400339,大学英语六级证书,6400949586,2026-08-12,通过,张伟,佐证材料完整，予以通过
202400340,大学英语四级证书,7100270140,2026-03-23,驳回,张伟,材料不完整，请补充佐证后重新提交
202400341,AutoCAD 机械设计工程师认证,CAD841443,2025-05-15,通过,张伟,材料齐全，同意认定
202400342,AutoCAD 机械设计工程师认证,CAD356664,2024-10-11,通过,张伟,佐证材料完整，予以通过
202400343,普通话水平测试二级甲等证书,372547397,2026-02-15,待审核,,
202400344,全国计算机等级考试二级证书,522187383,2026-02-01,通过,张伟,佐证材料完整，予以通过
202400345,机动车驾驶证（C1）,3706516887,2026-04-17,通过,张伟,符合认定条件，通过
202400346,全国计算机等级考试二级证书,627860146,2026-07-23,通过,张伟,佐证材料完整，予以通过
202400347,全国计算机等级考试二级证书,574793709,2024-05-18,通过,张伟,符合认定条件，通过
202400348,AutoCAD 机械设计工程师认证,CAD336332,2024-05-12,通过,张伟,佐证材料完整，予以通过
202400349,全国计算机等级考试二级证书,554082143,2025-06-07,驳回,张伟,时间信息有误，请核对后重新提交
202400350,大学英语四级证书,7100613100,2024-02-20,待审核,,
202400351,普通话水平测试二级甲等证书,370261630,2026-06-12,通过,张伟,符合认定条件，通过
202400352,全国计算机等级考试二级证书,608750864,2024-01-22,通过,张伟,材料齐全，同意认定
202400353,机动车驾驶证（C1）,3706630541,2025-01-17,通过,张伟,符合认定条件，通过
202400354,机动车驾驶证（C1）,3706825415,2025-08-01,通过,张伟,佐证材料完整，予以通过
202400355,AutoCAD 机械设计工程师认证,CAD520874,2024-08-03,待审核,,
202400356,全国计算机等级考试二级证书,513918907,2025-02-07,通过,张伟,材料齐全，同意认定
202400357,全国计算机等级考试二级证书,598797758,2025-09-09,通过,张伟,佐证材料完整，予以通过
202400358,机动车驾驶证（C1）,3706885651,2026-03-08,待审核,,
202400359,普通话水平测试二级甲等证书,373119381,2026-02-05,待审核,,
202400360,大学英语四级证书,7100425814,2024-09-27,通过,张伟,佐证材料完整，予以通过
202400361,大学英语四级证书,7100890720,2025-11-12,通过,张伟,佐证材料完整，予以通过
202400362,大学英语四级证书,7100189932,2026-08-15,通过,张伟,符合认定条件，通过
202400363,机动车驾驶证（C1）,3706161305,2025-04-24,公示中,张伟,佐证材料完整，予以通过
202400364,大学英语六级证书,6400634916,2025-03-11,通过,张伟,佐证材料完整，予以通过
202400365,大学英语六级证书,6400925819,2025-11-17,通过,张伟,材料齐全，同意认定
202400366,大学英语四级证书,7100925631,2026-07-16,通过,张伟,材料齐全，同意认定
202400367,大学英语六级证书,6400779221,2024-11-17,驳回,张伟,盖章缺失，请重新上传完整材料
202400368,全国计算机等级考试二级证书,628497626,2026-04-01,通过,张伟,材料齐全，同意认定
202400369,AutoCAD 机械设计工程师认证,CAD993101,2025-11-11,通过,张伟,符合认定条件，通过
202400370,普通话水平测试二级甲等证书,379387704,2026-08-15,通过,张伟,材料齐全，同意认定
202400371,AutoCAD 机械设计工程师认证,CAD302802,2025-05-15,通过,张伟,材料齐全，同意认定
202400372,机动车驾驶证（C1）,3706455891,2026-02-23,通过,张伟,符合认定条件，通过
202400373,普通话水平测试二级甲等证书,372994926,2025-09-23,通过,张伟,符合认定条件，通过
202400374,大学英语六级证书,6400621240,2026-05-23,驳回,张伟,材料不完整，请补充佐证后重新提交
202400375,全国计算机等级考试二级证书,589626402,2025-02-04,通过,张伟,佐证材料完整，予以通过
202400376,大学英语四级证书,7100464133,2026-01-07,待审核,,
202400377,AutoCAD 机械设计工程师认证,CAD115436,2024-11-23,通过,张伟,佐证材料完整，予以通过
202400378,机动车驾驶证（C1）,3706314511,2024-01-24,待审核,,
202400379,大学英语六级证书,6400798784,2024-04-11,通过,张伟,材料齐全，同意认定
202400380,机动车驾驶证（C1）,3706727415,2026-06-11,通过,张伟,符合认定条件，通过
202400381,大学英语四级证书,7100338744,2026-06-02,通过,张伟,佐证材料完整，予以通过
202400382,机动车驾驶证（C1）,3706953182,2025-08-11,通过,张伟,符合认定条件，通过
202400383,全国计算机等级考试二级证书,575256901,2026-08-24,待审核,,
202400384,AutoCAD 机械设计工程师认证,CAD458339,2025-12-16,待审核,,
202400385,大学英语六级证书,6400238463,2026-02-16,驳回,张伟,认定依据不足，请补充说明材料
202400386,大学英语六级证书,6400544526,2026-02-26,通过,张伟,符合认定条件，通过
202400387,机动车驾驶证（C1）,3706527173,2026-04-22,通过,张伟,佐证材料完整，予以通过
202400388,AutoCAD 机械设计工程师认证,CAD948174,2026-05-26,通过,张伟,佐证材料完整，予以通过
202400389,AutoCAD 机械设计工程师认证,CAD223795,2025-09-10,通过,张伟,材料齐全，同意认定
202400390,机动车驾驶证（C1）,3706511514,2024-11-17,通过,张伟,符合认定条件，通过
202400391,AutoCAD 机械设计工程师认证,CAD637482,2026-07-11,通过,张伟,符合认定条件，通过
202400392,机动车驾驶证（C1）,3706398059,2025-11-10,通过,张伟,佐证材料完整，予以通过
202400393,普通话水平测试二级甲等证书,371813347,2025-04-13,通过,张伟,符合认定条件，通过
202400394,AutoCAD 机械设计工程师认证,CAD316855,2024-10-28,通过,张伟,材料齐全，同意认定
202400395,大学英语四级证书,7100139552,2026-04-06,通过,张伟,符合认定条件，通过
202400396,全国计算机等级考试二级证书,515498702,2026-02-09,通过,张伟,符合认定条件，通过
202400397,大学英语四级证书,7100740950,2026-04-13,通过,张伟,佐证材料完整，予以通过
202400398,大学英语四级证书,7100573032,2026-01-16,通过,张伟,材料齐全，同意认定
202400399,全国计算机等级考试二级证书,647256689,2025-08-11,通过,张伟,符合认定条件，通过
202400400,机动车驾驶证（C1）,3706668175,2024-01-26,通过,张伟,材料齐全，同意认定
202400401,大学英语四级证书,7100916090,2026-07-18,通过,张伟,佐证材料完整，予以通过
202400402,大学英语六级证书,6400379989,2025-11-17,通过,张伟,材料齐全，同意认定
202400403,全国计算机等级考试二级证书,614020307,2026-05-27,通过,张伟,符合认定条件，通过
202400404,大学英语六级证书,6400420291,2024-01-19,通过,张伟,材料齐全，同意认定
202400405,普通话水平测试二级甲等证书,373734403,2025-03-06,通过,张伟,符合认定条件，通过
202400406,机动车驾驶证（C1）,3706290040,2025-04-14,通过,张伟,佐证材料完整，予以通过
202400407,普通话水平测试二级甲等证书,376444184,2025-10-25,公示中,张伟,佐证材料完整，予以通过
202400408,大学英语四级证书,7100964161,2026-03-18,通过,张伟,材料齐全，同意认定
202400409,全国计算机等级考试二级证书,585703124,2024-09-03,待审核,,
202400410,全国计算机等级考试二级证书,588611747,2024-03-11,驳回,张伟,材料不完整，请补充佐证后重新提交
202400411,全国计算机等级考试二级证书,562559626,2025-10-24,驳回,张伟,时间信息有误，请核对后重新提交
202400412,机动车驾驶证（C1）,3706708963,2025-12-15,通过,张伟,符合认定条件，通过
202400413,全国计算机等级考试二级证书,632096159,2026-04-19,通过,张伟,材料齐全，同意认定
202400414,大学英语四级证书,7100658501,2024-06-04,待审核,,
202400415,大学英语四级证书,7100513623,2026-01-03,通过,张伟,符合认定条件，通过
202400416,大学英语六级证书,6400198101,2024-07-16,通过,张伟,佐证材料完整，予以通过
202400417,普通话水平测试二级甲等证书,379666004,2026-02-11,通过,张伟,佐证材料完整，予以通过
202400418,AutoCAD 机械设计工程师认证,CAD559637,2026-04-25,待审核,,
202400419,机动车驾驶证（C1）,3706899766,2024-01-23,通过,张伟,佐证材料完整，予以通过
202400420,大学英语四级证书,7100184547,2024-06-03,通过,张伟,符合认定条件，通过
202400421,普通话水平测试二级甲等证书,373670644,2024-02-05,通过,张伟,佐证材料完整，予以通过
202400422,AutoCAD 机械设计工程师认证,CAD160092,2024-06-20,通过,张伟,符合认定条件，通过
202400423,全国计算机等级考试二级证书,578332934,2025-11-17,通过,张伟,符合认定条件，通过
202400424,大学英语六级证书,6400209098,2024-10-04,待审核,,
202400425,全国计算机等级考试二级证书,564210049,2025-05-16,通过,张伟,材料齐全，同意认定
202400426,全国计算机等级考试二级证书,581174146,2024-05-02,通过,张伟,材料齐全，同意认定
202400427,AutoCAD 机械设计工程师认证,CAD537217,2026-06-24,通过,张伟,佐证材料完整，予以通过
202400428,普通话水平测试二级甲等证书,374226028,2026-05-20,通过,张伟,佐证材料完整，予以通过
202400429,全国计算机等级考试二级证书,588247085,2026-08-12,驳回,张伟,材料不完整，请补充佐证后重新提交
202400430,全国计算机等级考试二级证书,516064425,2025-01-23,通过,张伟,材料齐全，同意认定
202400431,全国计算机等级考试二级证书,565853847,2026-01-22,通过,张伟,材料齐全，同意认定
202400432,机动车驾驶证（C1）,3706256262,2024-04-08,通过,张伟,佐证材料完整，予以通过
202400433,AutoCAD 机械设计工程师认证,CAD802514,2024-04-18,驳回,张伟,材料不完整，请补充佐证后重新提交
202400434,大学英语六级证书,6400307375,2024-11-25,驳回,张伟,时间信息有误，请核对后重新提交
202400435,AutoCAD 机械设计工程师认证,CAD137442,2025-12-27,通过,张伟,材料齐全，同意认定
202400436,AutoCAD 机械设计工程师认证,CAD722842,2025-01-28,通过,张伟,符合认定条件，通过
202400437,普通话水平测试二级甲等证书,372023332,2026-02-12,驳回,周建军,认定依据不足，请补充说明材料
202400438,机动车驾驶证（C1）,3706261877,2025-11-16,待审核,,
202400439,机动车驾驶证（C1）,3706747236,2025-07-12,通过,周建军,材料齐全，同意认定
202400440,机动车驾驶证（C1）,3706815377,2026-05-22,通过,周建军,符合认定条件，通过
202400441,机动车驾驶证（C1）,3706218970,2025-11-03,通过,周建军,材料齐全，同意认定
202400442,普通话水平测试二级甲等证书,374278387,2025-10-16,待审核,,
202400443,全国计算机等级考试二级证书,536706900,2026-08-10,通过,周建军,材料齐全，同意认定
202400444,大学英语四级证书,7100373059,2026-05-09,通过,周建军,符合认定条件，通过
202400445,AutoCAD 机械设计工程师认证,CAD510442,2024-07-25,通过,周建军,材料齐全，同意认定
202400446,AutoCAD 机械设计工程师认证,CAD476156,2025-07-17,通过,周建军,佐证材料完整，予以通过
202400447,普通话水平测试二级甲等证书,373214197,2024-12-08,通过,周建军,材料齐全，同意认定
202400448,全国计算机等级考试二级证书,601756909,2024-08-15,通过,周建军,符合认定条件，通过
202400449,机动车驾驶证（C1）,3706373672,2024-05-25,通过,周建军,符合认定条件，通过
202400450,大学英语四级证书,7100669376,2026-04-12,通过,周建军,佐证材料完整，予以通过
202400451,AutoCAD 机械设计工程师认证,CAD277964,2026-05-19,通过,周建军,材料齐全，同意认定
202400452,全国计算机等级考试二级证书,611798839,2025-07-12,通过,周建军,符合认定条件，通过
202400453,机动车驾驶证（C1）,3706651675,2025-01-03,通过,周建军,佐证材料完整，予以通过
202400454,机动车驾驶证（C1）,3706644161,2026-02-13,通过,周建军,佐证材料完整，予以通过
202400455,AutoCAD 机械设计工程师认证,CAD558644,2026-04-05,通过,周建军,符合认定条件，通过
202400456,普通话水平测试二级甲等证书,375526896,2026-07-09,通过,周建军,佐证材料完整，予以通过
202400457,全国计算机等级考试二级证书,557673018,2026-05-26,通过,周建军,符合认定条件，通过
202400458,普通话水平测试二级甲等证书,373220146,2026-07-11,待审核,,
202400459,大学英语四级证书,7100501394,2025-09-18,通过,周建军,佐证材料完整，予以通过
202400460,大学英语六级证书,6400281940,2024-04-01,通过,周建军,符合认定条件，通过
202400461,普通话水平测试二级甲等证书,375895557,2026-08-26,通过,周建军,佐证材料完整，予以通过
202400462,大学英语四级证书,7100669115,2024-06-20,通过,周建军,材料齐全，同意认定
202400463,大学英语四级证书,7100698532,2026-08-18,待审核,,
202400464,大学英语六级证书,6400121962,2024-01-04,通过,周建军,材料齐全，同意认定
202400465,AutoCAD 机械设计工程师认证,CAD755149,2026-03-05,通过,周建军,符合认定条件，通过
202400466,普通话水平测试二级甲等证书,377146489,2024-03-01,通过,周建军,符合认定条件，通过
202400467,机动车驾驶证（C1）,3706158245,2026-01-23,通过,周建军,佐证材料完整，予以通过
202400468,全国计算机等级考试二级证书,548401099,2026-05-25,待审核,,
202400469,机动车驾驶证（C1）,3706962455,2024-08-13,通过,周建军,佐证材料完整，予以通过
202400470,全国计算机等级考试二级证书,567084762,2026-03-15,通过,周建军,佐证材料完整，予以通过
202400471,AutoCAD 机械设计工程师认证,CAD279598,2025-01-19,通过,周建军,符合认定条件，通过
202400472,全国计算机等级考试二级证书,547648747,2026-02-20,公示中,周建军,符合认定条件，通过
202400473,大学英语四级证书,7100997937,2026-02-21,通过,周建军,符合认定条件，通过
202400474,大学英语六级证书,6400819574,2024-05-01,通过,周建军,材料齐全，同意认定
202400475,AutoCAD 机械设计工程师认证,CAD226156,2026-06-07,通过,周建军,佐证材料完整，予以通过
202400476,全国计算机等级考试二级证书,516531948,2025-12-22,驳回,周建军,材料不完整，请补充佐证后重新提交
202400477,机动车驾驶证（C1）,3706122487,2026-02-13,通过,周建军,符合认定条件，通过
202400478,机动车驾驶证（C1）,3706552447,2026-04-04,通过,周建军,材料齐全，同意认定
202400479,全国计算机等级考试二级证书,522250743,2024-01-19,公示中,周建军,符合认定条件，通过
202400480,大学英语四级证书,7100325054,2024-06-07,通过,周建军,符合认定条件，通过
202400481,AutoCAD 机械设计工程师认证,CAD872762,2024-01-26,通过,周建军,材料齐全，同意认定
202400482,机动车驾驶证（C1）,3706960545,2024-12-16,待审核,,
202400483,大学英语六级证书,6400160455,2025-03-12,通过,周建军,材料齐全，同意认定
202400484,全国计算机等级考试二级证书,647521616,2025-12-10,通过,周建军,材料齐全，同意认定
202400485,机动车驾驶证（C1）,3706606650,2024-08-22,公示中,周建军,符合认定条件，通过
202400486,机动车驾驶证（C1）,3706505641,2025-01-13,通过,周建军,佐证材料完整，予以通过
202400487,机动车驾驶证（C1）,3706117352,2026-03-07,通过,周建军,符合认定条件，通过
202400488,机动车驾驶证（C1）,3706432207,2024-09-14,通过,周建军,符合认定条件，通过
202400489,大学英语四级证书,7100985458,2024-10-23,驳回,周建军,认定依据不足，请补充说明材料
202400490,大学英语六级证书,6400827031,2025-10-02,通过,周建军,佐证材料完整，予以通过
202400491,大学英语六级证书,6400705687,2024-02-23,通过,周建军,佐证材料完整，予以通过
202400492,全国计算机等级考试二级证书,511897886,2026-04-24,待审核,,
202400493,普通话水平测试二级甲等证书,376359637,2025-04-23,通过,周建军,符合认定条件，通过
202400494,机动车驾驶证（C1）,3706670750,2025-11-05,待审核,,
202400495,AutoCAD 机械设计工程师认证,CAD400125,2025-07-13,驳回,周建军,认定依据不足，请补充说明材料
202400496,机动车驾驶证（C1）,3706259230,2026-06-18,通过,周建军,符合认定条件，通过
202400497,机动车驾驶证（C1）,3706864254,2026-04-10,通过,周建军,佐证材料完整，予以通过
202400498,大学英语六级证书,6400470575,2025-04-25,通过,周建军,佐证材料完整，予以通过
202400499,机动车驾驶证（C1）,3706380427,2025-10-05,通过,周建军,符合认定条件，通过
202400500,大学英语六级证书,6400691855,2025-10-11,通过,周建军,符合认定条件，通过
202400501,普通话水平测试二级甲等证书,374057399,2026-03-08,通过,周建军,材料齐全，同意认定
202400502,机动车驾驶证（C1）,3706253133,2025-03-09,通过,周建军,佐证材料完整，予以通过
202400503,大学英语六级证书,6400247173,2025-03-27,驳回,周建军,盖章缺失，请重新上传完整材料
202400504,AutoCAD 机械设计工程师认证,CAD352575,2026-04-19,通过,周建军,佐证材料完整，予以通过
202400505,普通话水平测试二级甲等证书,376491067,2026-02-13,通过,孙丽华,佐证材料完整，予以通过
202400506,AutoCAD 机械设计工程师认证,CAD794608,2026-08-21,通过,孙丽华,符合认定条件，通过
202400507,AutoCAD 机械设计工程师认证,CAD544263,2024-06-14,通过,孙丽华,佐证材料完整，予以通过
202400508,大学英语四级证书,7100338386,2024-08-09,待审核,,
202400509,机动车驾驶证（C1）,3706762938,2025-05-07,通过,孙丽华,佐证材料完整，予以通过
202400510,大学英语四级证书,7100785301,2025-01-26,公示中,孙丽华,材料齐全，同意认定
202400511,AutoCAD 机械设计工程师认证,CAD421640,2025-03-24,通过,孙丽华,佐证材料完整，予以通过
202400512,全国计算机等级考试二级证书,511303971,2025-01-10,驳回,孙丽华,材料不完整，请补充佐证后重新提交
202400513,AutoCAD 机械设计工程师认证,CAD477642,2024-11-18,通过,孙丽华,材料齐全，同意认定
202400514,普通话水平测试二级甲等证书,373854470,2025-04-15,待审核,,
202400515,AutoCAD 机械设计工程师认证,CAD406920,2025-03-13,驳回,孙丽华,材料不完整，请补充佐证后重新提交
202400516,AutoCAD 机械设计工程师认证,CAD825522,2026-02-12,待审核,,
202400517,大学英语六级证书,6400367088,2024-02-06,通过,孙丽华,材料齐全，同意认定
202400518,机动车驾驶证（C1）,3706578065,2025-01-23,通过,孙丽华,佐证材料完整，予以通过
202400519,大学英语六级证书,6400906996,2026-02-13,通过,孙丽华,材料齐全，同意认定
202400520,大学英语四级证书,7100663483,2026-06-26,驳回,孙丽华,材料不完整，请补充佐证后重新提交
202400521,大学英语六级证书,6400897406,2024-12-07,通过,孙丽华,符合认定条件，通过
202400522,机动车驾驶证（C1）,3706455662,2026-02-21,通过,孙丽华,符合认定条件，通过
202400523,AutoCAD 机械设计工程师认证,CAD115751,2024-01-07,通过,孙丽华,符合认定条件，通过
202400524,大学英语六级证书,6400249215,2024-10-13,通过,孙丽华,佐证材料完整，予以通过
202400525,大学英语六级证书,6400321450,2024-10-20,通过,孙丽华,材料齐全，同意认定
202400526,大学英语四级证书,7100689111,2026-02-01,待审核,,
202400527,大学英语四级证书,7100140416,2024-05-02,通过,孙丽华,佐证材料完整，予以通过
202400528,普通话水平测试二级甲等证书,371437101,2026-03-08,待审核,,
202400529,大学英语六级证书,6400330536,2025-10-23,通过,孙丽华,材料齐全，同意认定
202400530,AutoCAD 机械设计工程师认证,CAD649395,2026-01-21,通过,孙丽华,佐证材料完整，予以通过
202400531,大学英语六级证书,6400242489,2025-08-16,驳回,孙丽华,材料不完整，请补充佐证后重新提交
202400532,机动车驾驶证（C1）,3706228077,2024-11-26,待审核,,
202400533,AutoCAD 机械设计工程师认证,CAD473744,2026-06-19,通过,孙丽华,材料齐全，同意认定
202400534,全国计算机等级考试二级证书,539130632,2025-01-03,通过,孙丽华,材料齐全，同意认定
202400535,大学英语四级证书,7100108677,2026-03-19,通过,孙丽华,佐证材料完整，予以通过
202400536,大学英语四级证书,7100612330,2025-11-09,待审核,,
202400537,大学英语六级证书,6400663870,2026-05-18,通过,孙丽华,佐证材料完整，予以通过
202400538,AutoCAD 机械设计工程师认证,CAD203098,2025-08-25,待审核,,
202400539,全国计算机等级考试二级证书,601792125,2025-04-14,驳回,孙丽华,盖章缺失，请重新上传完整材料
202400540,机动车驾驶证（C1）,3706829921,2025-06-21,通过,孙丽华,符合认定条件，通过
202400541,AutoCAD 机械设计工程师认证,CAD746498,2024-10-12,待审核,,
202400542,普通话水平测试二级甲等证书,376048854,2024-07-24,通过,孙丽华,符合认定条件，通过
202400543,AutoCAD 机械设计工程师认证,CAD268436,2026-06-20,驳回,孙丽华,时间信息有误，请核对后重新提交
202400544,机动车驾驶证（C1）,3706819944,2024-04-08,通过,孙丽华,佐证材料完整，予以通过
202400545,大学英语四级证书,7100569369,2025-03-27,通过,孙丽华,佐证材料完整，予以通过
202400546,机动车驾驶证（C1）,3706208392,2025-07-05,通过,孙丽华,符合认定条件，通过
202400547,大学英语六级证书,6400468733,2024-01-02,通过,孙丽华,佐证材料完整，予以通过
202400548,机动车驾驶证（C1）,3706982927,2025-05-23,通过,孙丽华,材料齐全，同意认定
202400549,普通话水平测试二级甲等证书,376723367,2025-04-17,通过,孙丽华,材料齐全，同意认定
202400550,普通话水平测试二级甲等证书,372647979,2025-07-18,通过,孙丽华,佐证材料完整，予以通过
202400551,AutoCAD 机械设计工程师认证,CAD620760,2026-08-13,待审核,,
202400552,AutoCAD 机械设计工程师认证,CAD534723,2026-06-12,待审核,,
202400553,AutoCAD 机械设计工程师认证,CAD707892,2025-04-13,通过,孙丽华,符合认定条件，通过
202400554,机动车驾驶证（C1）,3706670586,2025-08-18,通过,孙丽华,佐证材料完整，予以通过
202400555,AutoCAD 机械设计工程师认证,CAD851615,2025-08-09,驳回,孙丽华,认定依据不足，请补充说明材料
202400556,大学英语四级证书,7100771730,2024-09-20,通过,孙丽华,符合认定条件，通过
202400557,大学英语六级证书,6400884025,2025-05-18,待审核,,
202400558,大学英语四级证书,7100338037,2024-04-11,通过,孙丽华,材料齐全，同意认定
202400559,大学英语六级证书,6400999261,2024-05-12,通过,孙丽华,材料齐全，同意认定
202400560,普通话水平测试二级甲等证书,376654040,2024-09-10,通过,孙丽华,符合认定条件，通过
202400561,大学英语六级证书,6400614145,2024-03-01,驳回,孙丽华,材料不完整，请补充佐证后重新提交
202400562,全国计算机等级考试二级证书,535186438,2025-10-21,通过,孙丽华,符合认定条件，通过
202400563,全国计算机等级考试二级证书,647971687,2024-07-19,通过,孙丽华,符合认定条件，通过
202400564,大学英语四级证书,7100841402,2026-04-09,通过,孙丽华,佐证材料完整，予以通过
202400565,全国计算机等级考试二级证书,519785399,2024-01-17,通过,孙丽华,材料齐全，同意认定
202400566,AutoCAD 机械设计工程师认证,CAD647551,2024-11-08,通过,孙丽华,材料齐全，同意认定
202400567,AutoCAD 机械设计工程师认证,CAD552699,2024-04-23,通过,孙丽华,佐证材料完整，予以通过
202400568,大学英语六级证书,6400717657,2025-12-07,待审核,,
202400569,大学英语四级证书,7100468502,2025-12-03,待审核,,
202400570,大学英语六级证书,6400734759,2024-07-06,通过,孙丽华,符合认定条件，通过
202400571,全国计算机等级考试二级证书,622171717,2026-04-23,通过,钱雅琴,符合认定条件，通过
202400572,AutoCAD 机械设计工程师认证,CAD132599,2025-01-15,通过,钱雅琴,符合认定条件，通过
202400573,普通话水平测试二级甲等证书,379228161,2024-02-01,通过,钱雅琴,符合认定条件，通过
202400574,机动车驾驶证（C1）,3706894863,2024-05-20,待审核,,
202400575,机动车驾驶证（C1）,3706882536,2026-03-09,通过,钱雅琴,符合认定条件，通过
202400576,普通话水平测试二级甲等证书,371680290,2024-11-03,通过,钱雅琴,材料齐全，同意认定
202400577,AutoCAD 机械设计工程师认证,CAD894210,2024-02-07,通过,钱雅琴,材料齐全，同意认定
202400578,普通话水平测试二级甲等证书,370166938,2026-04-20,通过,钱雅琴,佐证材料完整，予以通过
202400579,机动车驾驶证（C1）,3706253137,2026-01-27,待审核,,
202400580,普通话水平测试二级甲等证书,371236274,2025-03-22,通过,钱雅琴,材料齐全，同意认定
202400581,机动车驾驶证（C1）,3706802009,2025-08-06,通过,钱雅琴,符合认定条件，通过
202400582,大学英语四级证书,7100770509,2025-05-22,驳回,钱雅琴,材料不完整，请补充佐证后重新提交
202400583,普通话水平测试二级甲等证书,377735540,2024-03-28,通过,钱雅琴,材料齐全，同意认定
202400584,AutoCAD 机械设计工程师认证,CAD267605,2024-04-23,通过,钱雅琴,符合认定条件，通过
202400585,全国计算机等级考试二级证书,634038543,2025-04-28,待审核,,
202400586,大学英语四级证书,7100371809,2025-10-24,通过,钱雅琴,佐证材料完整，予以通过
202400587,全国计算机等级考试二级证书,549111824,2026-02-26,通过,钱雅琴,佐证材料完整，予以通过
202400588,全国计算机等级考试二级证书,522175525,2025-07-15,驳回,钱雅琴,盖章缺失，请重新上传完整材料
202400589,普通话水平测试二级甲等证书,375632586,2025-02-24,驳回,钱雅琴,材料不完整，请补充佐证后重新提交
202400590,大学英语六级证书,6400419173,2025-08-27,待审核,,
202400591,全国计算机等级考试二级证书,542290602,2024-12-23,通过,钱雅琴,材料齐全，同意认定
202400592,全国计算机等级考试二级证书,646165392,2026-04-08,通过,钱雅琴,佐证材料完整，予以通过
202400593,全国计算机等级考试二级证书,634525272,2024-02-06,通过,钱雅琴,材料齐全，同意认定
202400594,AutoCAD 机械设计工程师认证,CAD195058,2026-07-03,通过,钱雅琴,符合认定条件，通过
202400595,AutoCAD 机械设计工程师认证,CAD666502,2025-02-02,通过,钱雅琴,符合认定条件，通过
202400596,普通话水平测试二级甲等证书,378788059,2026-02-11,通过,钱雅琴,材料齐全，同意认定
202400597,大学英语六级证书,6400567679,2026-02-13,通过,钱雅琴,材料齐全，同意认定
202400598,大学英语四级证书,7100840647,2026-03-05,通过,钱雅琴,佐证材料完整，予以通过
202400599,大学英语六级证书,6400280135,2024-06-09,通过,钱雅琴,符合认定条件，通过
202400600,全国计算机等级考试二级证书,567122824,2026-03-21,通过,钱雅琴,佐证材料完整，予以通过
202500601,机动车驾驶证（C1）,3706648713,2025-10-21,待审核,,
202500602,机动车驾驶证（C1）,3706481873,2026-01-25,通过,陈晓宇,符合认定条件，通过
202500603,AutoCAD 机械设计工程师认证,CAD940625,2025-10-09,通过,陈晓宇,材料齐全，同意认定
202500604,AutoCAD 机械设计工程师认证,CAD635133,2026-08-20,驳回,陈晓宇,时间信息有误，请核对后重新提交
202500605,大学英语六级证书,6400342400,2026-05-20,通过,陈晓宇,材料齐全，同意认定
202500607,全国计算机等级考试二级证书,624686713,2025-09-12,驳回,陈晓宇,材料不完整，请补充佐证后重新提交
202500608,全国计算机等级考试二级证书,524749518,2026-07-06,通过,陈晓宇,材料齐全，同意认定
202500609,大学英语四级证书,7100329650,2025-04-26,驳回,陈晓宇,材料不完整，请补充佐证后重新提交
202500610,机动车驾驶证（C1）,3706499461,2025-03-16,通过,陈晓宇,符合认定条件，通过
202500611,机动车驾驶证（C1）,3706458198,2025-02-09,待审核,,
202500612,AutoCAD 机械设计工程师认证,CAD183870,2025-11-22,待审核,,
202500613,机动车驾驶证（C1）,3706583949,2026-01-27,驳回,陈晓宇,盖章缺失，请重新上传完整材料
202500614,大学英语六级证书,6400120544,2026-03-25,公示中,陈晓宇,佐证材料完整，予以通过
202500615,大学英语四级证书,7100963333,2026-01-17,通过,陈晓宇,材料齐全，同意认定
202500616,全国计算机等级考试二级证书,573709571,2025-07-08,通过,陈晓宇,材料齐全，同意认定
202500617,大学英语四级证书,7100447381,2025-04-12,驳回,陈晓宇,认定依据不足，请补充说明材料
202500618,机动车驾驶证（C1）,3706508577,2026-06-19,待审核,,
202500620,机动车驾驶证（C1）,3706685790,2025-09-19,驳回,陈晓宇,盖章缺失，请重新上传完整材料
202500621,全国计算机等级考试二级证书,629761266,2026-07-20,通过,陈晓宇,符合认定条件，通过
202500622,大学英语四级证书,7100709199,2025-08-26,待审核,,
202500623,大学英语六级证书,6400295845,2025-01-23,驳回,陈晓宇,时间信息有误，请核对后重新提交
202500625,全国计算机等级考试二级证书,643604712,2026-05-01,通过,陈晓宇,佐证材料完整，予以通过
202500627,机动车驾驶证（C1）,3706992305,2026-07-11,通过,陈晓宇,佐证材料完整，予以通过
202500628,大学英语四级证书,7100329006,2025-04-19,通过,陈晓宇,材料齐全，同意认定
202500630,全国计算机等级考试二级证书,639797429,2025-01-09,通过,陈晓宇,佐证材料完整，予以通过
202500632,AutoCAD 机械设计工程师认证,CAD942845,2025-03-11,通过,陈晓宇,材料齐全，同意认定
202500633,全国计算机等级考试二级证书,522574145,2026-04-16,通过,陈晓宇,佐证材料完整，予以通过
202500634,大学英语六级证书,6400793337,2026-08-15,通过,陈晓宇,材料齐全，同意认定
202500635,AutoCAD 机械设计工程师认证,CAD935137,2026-01-21,待审核,,
202500636,普通话水平测试二级甲等证书,373435907,2026-07-27,通过,陈晓宇,符合认定条件，通过
202500638,机动车驾驶证（C1）,3706300740,2025-08-06,通过,陈晓宇,符合认定条件，通过
202500639,普通话水平测试二级甲等证书,372839426,2026-01-03,驳回,陈晓宇,盖章缺失，请重新上传完整材料
202500640,AutoCAD 机械设计工程师认证,CAD201016,2025-02-18,通过,陈晓宇,符合认定条件，通过
202500642,AutoCAD 机械设计工程师认证,CAD733118,2025-09-14,驳回,陈晓宇,认定依据不足，请补充说明材料
202500643,AutoCAD 机械设计工程师认证,CAD405208,2025-01-23,通过,陈晓宇,佐证材料完整，予以通过
202500646,机动车驾驶证（C1）,3706198502,2026-05-12,驳回,陈晓宇,认定依据不足，请补充说明材料
202500648,大学英语六级证书,6400381155,2026-02-19,通过,陈晓宇,佐证材料完整，予以通过
202500649,大学英语六级证书,6400208979,2026-05-13,驳回,陈晓宇,认定依据不足，请补充说明材料
202500652,普通话水平测试二级甲等证书,377067349,2025-07-09,通过,陈晓宇,材料齐全，同意认定
202500653,全国计算机等级考试二级证书,568380952,2025-07-01,通过,陈晓宇,佐证材料完整，予以通过
202500655,AutoCAD 机械设计工程师认证,CAD102298,2025-06-19,通过,陈晓宇,材料齐全，同意认定
202500656,大学英语四级证书,7100572974,2026-07-27,通过,陈晓宇,材料齐全，同意认定
202500659,普通话水平测试二级甲等证书,370357457,2025-11-13,通过,陈晓宇,佐证材料完整，予以通过
202500660,全国计算机等级考试二级证书,583922912,2025-08-02,通过,陈晓宇,佐证材料完整，予以通过
202500661,机动车驾驶证（C1）,3706686826,2026-01-23,通过,陈晓宇,佐证材料完整，予以通过
202500663,全国计算机等级考试二级证书,519586863,2025-05-21,通过,陈晓宇,佐证材料完整，予以通过
202500664,全国计算机等级考试二级证书,525364887,2025-01-14,通过,陈晓宇,材料齐全，同意认定
202500665,普通话水平测试二级甲等证书,377542293,2025-08-13,通过,陈晓宇,材料齐全，同意认定
202500666,全国计算机等级考试二级证书,568259836,2026-03-09,待审核,,
202500667,普通话水平测试二级甲等证书,376278668,2025-08-27,待审核,,
202500668,全国计算机等级考试二级证书,543412789,2026-05-23,驳回,陈晓宇,时间信息有误，请核对后重新提交
202500669,机动车驾驶证（C1）,3706721144,2026-08-07,驳回,陈晓宇,时间信息有误，请核对后重新提交
202500670,大学英语六级证书,6400453492,2025-11-27,待审核,,
202500671,大学英语六级证书,6400800520,2025-03-10,待审核,,
202500672,机动车驾驶证（C1）,3706232576,2026-04-08,通过,陈晓宇,材料齐全，同意认定
202500674,AutoCAD 机械设计工程师认证,CAD509021,2025-09-25,通过,陈晓宇,佐证材料完整，予以通过
202500675,普通话水平测试二级甲等证书,379646447,2025-09-27,通过,陈晓宇,佐证材料完整，予以通过
202500676,机动车驾驶证（C1）,3706745274,2025-08-16,驳回,陈晓宇,材料不完整，请补充佐证后重新提交
202500677,全国计算机等级考试二级证书,611922350,2025-05-27,通过,陈晓宇,材料齐全，同意认定
202500678,AutoCAD 机械设计工程师认证,CAD891767,2026-04-12,通过,陈晓宇,符合认定条件，通过
202500679,普通话水平测试二级甲等证书,373555189,2026-02-24,通过,陈晓宇,材料齐全，同意认定
202500680,大学英语六级证书,6400474979,2025-03-28,通过,陈晓宇,材料齐全，同意认定
202500681,AutoCAD 机械设计工程师认证,CAD697336,2025-06-05,待审核,,
202500682,大学英语六级证书,6400423526,2026-04-07,通过,陈晓宇,材料齐全，同意认定
202500683,大学英语四级证书,7100892430,2025-05-15,通过,陈晓宇,佐证材料完整，予以通过
202500684,AutoCAD 机械设计工程师认证,CAD195032,2025-06-14,待审核,,
202500685,机动车驾驶证（C1）,3706650476,2025-11-21,驳回,陈晓宇,认定依据不足，请补充说明材料
202500688,普通话水平测试二级甲等证书,373570210,2026-04-13,通过,陈晓宇,材料齐全，同意认定
202500689,全国计算机等级考试二级证书,517763383,2026-03-03,通过,陈晓宇,佐证材料完整，予以通过
202500690,大学英语四级证书,7100335916,2025-11-08,待审核,,
202500691,机动车驾驶证（C1）,3706595714,2026-04-08,驳回,陈晓宇,材料不完整，请补充佐证后重新提交
202500692,全国计算机等级考试二级证书,562762946,2026-05-23,驳回,陈晓宇,材料不完整，请补充佐证后重新提交
202500693,大学英语六级证书,6400303243,2025-01-03,通过,陈晓宇,符合认定条件，通过
202500694,全国计算机等级考试二级证书,622659225,2026-02-16,驳回,陈晓宇,盖章缺失，请重新上传完整材料
202500696,普通话水平测试二级甲等证书,371348079,2025-07-23,待审核,,
202500697,机动车驾驶证（C1）,3706289927,2026-08-04,通过,陈晓宇,佐证材料完整，予以通过
202500698,全国计算机等级考试二级证书,568694574,2026-02-08,待审核,,
202500699,机动车驾驶证（C1）,3706338026,2026-07-02,通过,陈晓宇,佐证材料完整，予以通过
202500700,AutoCAD 机械设计工程师认证,CAD241840,2026-02-08,通过,陈晓宇,佐证材料完整，予以通过
202500701,机动车驾驶证（C1）,3706212126,2026-05-27,驳回,陈晓宇,认定依据不足，请补充说明材料
202500702,全国计算机等级考试二级证书,607557692,2025-06-15,通过,陈晓宇,符合认定条件，通过
202500703,大学英语六级证书,6400424033,2025-04-19,通过,陈晓宇,符合认定条件，通过
202500704,机动车驾驶证（C1）,3706665011,2025-03-10,待审核,,
202500705,普通话水平测试二级甲等证书,371384749,2026-06-08,通过,陈晓宇,材料齐全，同意认定
202500707,全国计算机等级考试二级证书,622583139,2025-08-02,通过,陈晓宇,符合认定条件，通过
202500708,大学英语四级证书,7100214365,2025-01-05,通过,陈晓宇,佐证材料完整，予以通过
202500709,大学英语六级证书,6400694336,2026-04-22,通过,陈晓宇,符合认定条件，通过
202500710,全国计算机等级考试二级证书,603233082,2026-07-23,通过,陈晓宇,材料齐全，同意认定
202500711,AutoCAD 机械设计工程师认证,CAD356808,2025-03-19,通过,陈晓宇,符合认定条件，通过
202500712,AutoCAD 机械设计工程师认证,CAD537300,2026-02-08,通过,陈晓宇,佐证材料完整，予以通过
202500713,全国计算机等级考试二级证书,609560114,2026-06-21,通过,陈晓宇,符合认定条件，通过
202500714,AutoCAD 机械设计工程师认证,CAD476690,2025-10-21,通过,陈晓宇,材料齐全，同意认定
202500715,机动车驾驶证（C1）,3706943785,2025-12-16,待审核,,
202500716,AutoCAD 机械设计工程师认证,CAD416456,2025-04-23,通过,陈晓宇,材料齐全，同意认定
202500717,大学英语六级证书,6400363269,2026-02-05,驳回,陈晓宇,材料不完整，请补充佐证后重新提交
202500718,机动车驾驶证（C1）,3706779723,2026-02-18,通过,陈晓宇,佐证材料完整，予以通过
202500719,机动车驾驶证（C1）,3706583975,2026-06-10,通过,陈晓宇,佐证材料完整，予以通过
202500720,机动车驾驶证（C1）,3706501116,2026-07-13,待审核,,
202500721,普通话水平测试二级甲等证书,371863652,2025-02-09,通过,陈晓宇,符合认定条件，通过
202500722,大学英语四级证书,7100949320,2025-07-21,通过,陈晓宇,材料齐全，同意认定
202500723,全国计算机等级考试二级证书,597785436,2026-06-08,通过,陈晓宇,符合认定条件，通过
202500724,普通话水平测试二级甲等证书,371331868,2025-08-13,待审核,,
202500725,大学英语四级证书,7100117473,2025-01-14,驳回,陈晓宇,时间信息有误，请核对后重新提交
202500726,全国计算机等级考试二级证书,643978424,2026-03-06,通过,陈晓宇,佐证材料完整，予以通过
202500727,机动车驾驶证（C1）,3706547010,2025-06-04,驳回,陈晓宇,认定依据不足，请补充说明材料
202500729,大学英语四级证书,7100550711,2025-02-18,通过,陈晓宇,符合认定条件，通过
202500730,AutoCAD 机械设计工程师认证,CAD623884,2026-03-26,驳回,陈晓宇,时间信息有误，请核对后重新提交
202500732,普通话水平测试二级甲等证书,373424453,2025-02-04,通过,陈晓宇,符合认定条件，通过
202500733,大学英语六级证书,6400180535,2025-11-14,公示中,陈晓宇,符合认定条件，通过
202500734,全国计算机等级考试二级证书,531979537,2025-11-28,通过,陈晓宇,符合认定条件，通过
202500736,普通话水平测试二级甲等证书,376466151,2025-06-05,通过,陈晓宇,佐证材料完整，予以通过
202500737,全国计算机等级考试二级证书,531640294,2025-11-28,驳回,吴敏,材料不完整，请补充佐证后重新提交
202500739,大学英语六级证书,6400214310,2026-06-25,通过,吴敏,佐证材料完整，予以通过
202500740,大学英语六级证书,6400290949,2025-08-08,通过,吴敏,符合认定条件，通过
202500743,机动车驾驶证（C1）,3706361330,2025-12-04,待审核,,
202500745,全国计算机等级考试二级证书,629949989,2025-04-16,通过,吴敏,佐证材料完整，予以通过
202500746,全国计算机等级考试二级证书,512930187,2025-06-27,通过,吴敏,符合认定条件，通过
202500747,大学英语六级证书,6400173710,2026-06-11,通过,吴敏,佐证材料完整，予以通过
202500748,机动车驾驶证（C1）,3706580552,2026-05-24,通过,吴敏,佐证材料完整，予以通过
202500749,全国计算机等级考试二级证书,598999248,2026-05-22,通过,吴敏,符合认定条件，通过
202500750,机动车驾驶证（C1）,3706882957,2025-01-23,通过,吴敏,佐证材料完整，予以通过
202500751,机动车驾驶证（C1）,3706507311,2026-08-06,待审核,,
202500752,机动车驾驶证（C1）,3706814466,2026-06-18,驳回,吴敏,时间信息有误，请核对后重新提交
202500754,大学英语四级证书,7100362237,2025-08-24,通过,吴敏,材料齐全，同意认定
202500756,机动车驾驶证（C1）,3706206113,2025-10-09,驳回,吴敏,材料不完整，请补充佐证后重新提交
202500757,大学英语六级证书,6400885227,2025-01-05,待审核,,
202500758,全国计算机等级考试二级证书,629046057,2025-04-12,通过,吴敏,佐证材料完整，予以通过
202500759,大学英语六级证书,6400433621,2026-03-28,通过,吴敏,材料齐全，同意认定
202500760,大学英语四级证书,7100936109,2026-06-01,通过,吴敏,材料齐全，同意认定
202500763,大学英语六级证书,6400664265,2026-07-21,待审核,,
202500764,AutoCAD 机械设计工程师认证,CAD116115,2026-03-02,待审核,,
202500766,大学英语四级证书,7100408479,2026-01-01,驳回,吴敏,材料不完整，请补充佐证后重新提交
202500767,全国计算机等级考试二级证书,518333904,2025-01-15,待审核,,
202500769,大学英语六级证书,6400712800,2026-05-26,待审核,,
202500770,AutoCAD 机械设计工程师认证,CAD712741,2026-06-22,通过,吴敏,符合认定条件，通过
202500771,机动车驾驶证（C1）,3706373818,2026-04-23,通过,吴敏,材料齐全，同意认定
202500772,大学英语六级证书,6400710165,2026-06-11,待审核,,
202500773,全国计算机等级考试二级证书,623417496,2026-02-10,待审核,,
202500774,大学英语四级证书,7100291759,2025-04-12,通过,吴敏,符合认定条件，通过
202500775,大学英语四级证书,7100754689,2025-03-11,通过,吴敏,佐证材料完整，予以通过
202500776,机动车驾驶证（C1）,3706775712,2025-02-08,待审核,,
202500778,全国计算机等级考试二级证书,629022210,2026-02-26,待审核,,
202500779,机动车驾驶证（C1）,3706207816,2025-12-10,公示中,吴敏,佐证材料完整，予以通过
202500781,全国计算机等级考试二级证书,559943502,2025-09-08,驳回,吴敏,材料不完整，请补充佐证后重新提交
202500782,大学英语四级证书,7100888199,2025-12-06,待审核,,
202500783,全国计算机等级考试二级证书,539632003,2025-11-16,待审核,,
202500785,机动车驾驶证（C1）,3706130332,2026-06-04,待审核,,
202500786,全国计算机等级考试二级证书,616468743,2026-01-03,公示中,吴敏,材料齐全，同意认定
202500788,AutoCAD 机械设计工程师认证,CAD517017,2025-10-11,通过,吴敏,材料齐全，同意认定
202500789,大学英语四级证书,7100700007,2025-03-07,驳回,吴敏,盖章缺失，请重新上传完整材料
202500790,大学英语四级证书,7100896711,2026-08-15,通过,吴敏,符合认定条件，通过
202500792,普通话水平测试二级甲等证书,374742273,2025-10-06,通过,吴敏,符合认定条件，通过
202500793,大学英语六级证书,6400245133,2026-07-25,待审核,,
202500794,机动车驾驶证（C1）,3706559751,2025-09-13,通过,吴敏,符合认定条件，通过
202500795,AutoCAD 机械设计工程师认证,CAD999948,2026-07-17,待审核,,
202500796,大学英语四级证书,7100717832,2026-07-03,通过,吴敏,佐证材料完整，予以通过
202500797,普通话水平测试二级甲等证书,371322769,2025-07-07,通过,吴敏,材料齐全，同意认定
202500801,机动车驾驶证（C1）,3706444649,2025-08-13,通过,吴敏,佐证材料完整，予以通过
202500803,大学英语六级证书,6400789052,2025-05-24,通过,吴敏,符合认定条件，通过
202500804,大学英语六级证书,6400857112,2026-05-09,通过,吴敏,佐证材料完整，予以通过
202500805,机动车驾驶证（C1）,3706387538,2026-06-18,驳回,杨光辉,时间信息有误，请核对后重新提交
202500806,大学英语四级证书,7100379107,2025-10-03,驳回,杨光辉,认定依据不足，请补充说明材料
202500807,大学英语六级证书,6400491588,2025-11-27,驳回,杨光辉,盖章缺失，请重新上传完整材料
202500809,大学英语六级证书,6400520366,2026-07-25,驳回,杨光辉,盖章缺失，请重新上传完整材料
202500810,大学英语六级证书,6400555163,2026-03-08,待审核,,
202500812,普通话水平测试二级甲等证书,379165906,2026-04-28,待审核,,
202500813,普通话水平测试二级甲等证书,371548701,2026-01-06,通过,杨光辉,符合认定条件，通过
202500815,普通话水平测试二级甲等证书,379260572,2025-06-22,通过,杨光辉,符合认定条件，通过
202500816,大学英语六级证书,6400200425,2026-02-18,通过,杨光辉,材料齐全，同意认定
202500817,机动车驾驶证（C1）,3706498391,2026-02-10,待审核,,
202500818,普通话水平测试二级甲等证书,377215772,2026-05-20,通过,杨光辉,材料齐全，同意认定
202500820,全国计算机等级考试二级证书,646239729,2025-01-24,通过,杨光辉,符合认定条件，通过
202500823,普通话水平测试二级甲等证书,379859448,2026-01-11,通过,杨光辉,材料齐全，同意认定
202500825,AutoCAD 机械设计工程师认证,CAD150582,2026-03-14,待审核,,
202500826,大学英语四级证书,7100731036,2026-05-22,驳回,杨光辉,盖章缺失，请重新上传完整材料
202500827,机动车驾驶证（C1）,3706625003,2025-12-27,待审核,,
202500828,大学英语四级证书,7100161744,2025-07-01,通过,杨光辉,材料齐全，同意认定
202500829,全国计算机等级考试二级证书,515070750,2025-08-27,待审核,,
202500830,大学英语六级证书,6400301562,2026-08-13,待审核,,
202500832,机动车驾驶证（C1）,3706610457,2026-01-23,通过,杨光辉,佐证材料完整，予以通过
202500833,普通话水平测试二级甲等证书,377366451,2026-02-28,通过,杨光辉,佐证材料完整，予以通过
202500834,普通话水平测试二级甲等证书,371399425,2026-08-20,驳回,杨光辉,时间信息有误，请核对后重新提交
202500835,AutoCAD 机械设计工程师认证,CAD626220,2026-03-20,待审核,,
202500836,大学英语六级证书,6400700749,2025-05-14,驳回,杨光辉,认定依据不足，请补充说明材料
202500837,机动车驾驶证（C1）,3706882021,2026-01-15,通过,杨光辉,符合认定条件，通过
202500840,大学英语六级证书,6400990896,2025-08-01,通过,杨光辉,符合认定条件，通过
202500841,机动车驾驶证（C1）,3706758763,2026-02-18,通过,杨光辉,符合认定条件，通过
202500842,大学英语四级证书,7100929360,2026-06-19,通过,杨光辉,符合认定条件，通过
202500844,普通话水平测试二级甲等证书,373169161,2026-03-19,驳回,杨光辉,材料不完整，请补充佐证后重新提交
202500846,全国计算机等级考试二级证书,615569716,2025-04-14,待审核,,
202500847,大学英语四级证书,7100505547,2025-03-08,待审核,,
202500848,机动车驾驶证（C1）,3706626547,2025-04-03,驳回,杨光辉,认定依据不足，请补充说明材料
202500849,大学英语六级证书,6400162740,2025-08-12,待审核,,
202500850,机动车驾驶证（C1）,3706998386,2026-08-05,通过,杨光辉,材料齐全，同意认定
202500851,普通话水平测试二级甲等证书,375526618,2026-06-24,待审核,,
202500852,全国计算机等级考试二级证书,605626464,2025-04-13,通过,杨光辉,符合认定条件，通过
202500853,机动车驾驶证（C1）,3706736878,2025-10-24,通过,杨光辉,佐证材料完整，予以通过
202500854,大学英语四级证书,7100107894,2025-07-05,通过,杨光辉,材料齐全，同意认定
202500856,机动车驾驶证（C1）,3706784242,2025-06-21,通过,杨光辉,符合认定条件，通过
202500857,AutoCAD 机械设计工程师认证,CAD841318,2026-03-13,驳回,杨光辉,材料不完整，请补充佐证后重新提交
202500858,大学英语四级证书,7100367795,2026-06-16,通过,杨光辉,符合认定条件，通过
202500859,普通话水平测试二级甲等证书,375884922,2025-02-23,公示中,杨光辉,材料齐全，同意认定
202500860,AutoCAD 机械设计工程师认证,CAD588262,2026-06-06,驳回,杨光辉,材料不完整，请补充佐证后重新提交
202500861,大学英语六级证书,6400137280,2026-06-04,通过,杨光辉,材料齐全，同意认定
202500862,大学英语六级证书,6400739939,2025-07-22,通过,杨光辉,材料齐全，同意认定
202500863,全国计算机等级考试二级证书,577955029,2026-05-24,通过,杨光辉,材料齐全，同意认定
202500864,全国计算机等级考试二级证书,604649749,2026-07-06,驳回,杨光辉,时间信息有误，请核对后重新提交
202500865,大学英语四级证书,7100846484,2026-07-09,通过,杨光辉,符合认定条件，通过
202500866,大学英语四级证书,7100675896,2026-02-20,通过,杨光辉,佐证材料完整，予以通过
202500867,大学英语六级证书,6400947770,2026-03-23,通过,杨光辉,佐证材料完整，予以通过
202500868,大学英语四级证书,7100753463,2026-07-20,待审核,,
202500869,全国计算机等级考试二级证书,513430444,2025-10-27,通过,杨光辉,材料齐全，同意认定
202500870,机动车驾驶证（C1）,3706424411,2025-05-13,通过,杨光辉,佐证材料完整，予以通过
202500871,普通话水平测试二级甲等证书,374967576,2026-01-19,待审核,,
202500872,大学英语六级证书,6400671003,2025-09-22,通过,蒋明辉,佐证材料完整，予以通过
202500873,大学英语四级证书,7100924858,2025-09-14,驳回,蒋明辉,认定依据不足，请补充说明材料
202500874,大学英语六级证书,6400970455,2025-03-11,通过,蒋明辉,符合认定条件，通过
202500875,全国计算机等级考试二级证书,587284549,2025-04-16,驳回,蒋明辉,时间信息有误，请核对后重新提交
202500876,全国计算机等级考试二级证书,602134532,2026-07-09,通过,蒋明辉,材料齐全，同意认定
202500878,机动车驾驶证（C1）,3706791377,2026-02-06,通过,蒋明辉,佐证材料完整，予以通过
202500879,全国计算机等级考试二级证书,528696863,2025-10-18,驳回,蒋明辉,时间信息有误，请核对后重新提交
202500881,大学英语四级证书,7100788743,2025-06-18,通过,蒋明辉,材料齐全，同意认定
202500882,大学英语四级证书,7100289300,2025-05-21,驳回,蒋明辉,材料不完整，请补充佐证后重新提交
202500884,大学英语六级证书,6400940306,2026-01-08,通过,蒋明辉,材料齐全，同意认定
202500885,大学英语四级证书,7100684514,2025-04-12,待审核,,
202500886,机动车驾驶证（C1）,3706665796,2026-02-26,通过,蒋明辉,符合认定条件，通过
202500887,机动车驾驶证（C1）,3706535189,2025-04-17,通过,蒋明辉,佐证材料完整，予以通过
202500890,全国计算机等级考试二级证书,596291074,2026-07-28,通过,蒋明辉,材料齐全，同意认定
202500891,普通话水平测试二级甲等证书,371267653,2025-04-25,通过,蒋明辉,符合认定条件，通过
202500892,机动车驾驶证（C1）,3706482386,2025-07-25,通过,蒋明辉,佐证材料完整，予以通过
202500893,AutoCAD 机械设计工程师认证,CAD759503,2026-04-08,待审核,,
202500894,大学英语四级证书,7100392977,2026-05-23,驳回,蒋明辉,盖章缺失，请重新上传完整材料
202500896,机动车驾驶证（C1）,3706121635,2025-07-16,通过,蒋明辉,材料齐全，同意认定
202500898,全国计算机等级考试二级证书,586229636,2026-03-06,待审核,,
202500900,大学英语六级证书,6400705353,2025-08-03,公示中,蒋明辉,佐证材料完整，予以通过
