学号,开始日期,结束日期,学院,专业,班级,见证人
202300001,2023-09-01,2027-07-01,汽车工程学院,车辆工程,车辆2301班,李文静
202300002,2023-09-01,2027-07-01,汽车工程学院,车辆工程,车辆2301班,李文静
202300003,2023-09-01,2027-07-01,汽车工程学院,车辆工程,车辆2301班,李文静
202300004,2023-09-01,2027-07-01,汽车工程学院,车辆工程,车辆2301班,李文静
202300005,2023-09-01,2027-07-01,汽车工程学院,车辆工程,车辆2301班,李文静
202300006,2023-09-01,2027-07-01,汽车工程学院,车辆工程,车辆2301班,李文静
202300007,2023-09-01,2027-07-01,汽车工程学院,车辆工程,车辆2301班,李文静
202300008,2023-09-01,2027-07-01,汽车工程学院,车辆工程,车辆2301班,李文静
202300009,2023-09-01,2027-07-01,汽车工程学院,车辆工程,车辆2301班,李文静
202300010,2023-09-01,2027-07-01,汽车工程学院,车辆工程,车辆2301班,李文静
202300011,2023-09-01,2027-07-01,汽车工程学院,车辆工程,车辆2301班,李文静
202300012,2023-09-01,2027-07-01,汽车工程学院,车辆工程,车辆2301班,李文静
202300013,2023-09-01,2027-07-01,汽车工程学院,车辆工程,车辆2301班,李文静
202300014,2023-09-01,2027-07-01,汽车工程学院,车辆工程,车辆2301班,李文静
202300015,2023-09-01,2027-07-01,汽车工程学院,车辆工程,车辆2301班,李文静
202300016,2023-09-01,2027-07-01,汽车工程学院,车辆工程,车辆2301班,李文静
202300017,2023-09-01,2027-07-01,汽车工程学院,车辆工程,车辆2301班,李文静
202300018,2023-09-01,2027-07-01,汽车工程学院,车辆工程,车辆2301班,李文静
202300019,2023-09-01,2027-07-01,汽车工程学院,车辆工程,车辆2301班,李文静
202300020,2023-09-01,2027-07-01,汽车工程学院,车辆工程,车辆2301班,李文静
202300021,2023-09-01,2027-07-01,汽车工程学院,车辆工程,车辆2301班,李文静
202300022,2023-09-01,2027-07-01,汽车工程学院,车辆工程,车辆2301班,李文静
202300023,2023-09-01,2027-07-01,汽车工程学院,车辆工程,车辆2301班,李文静
202300024,2023-09-01,2027-07-01,汽车工程学院,车辆工程,车辆2301班,李文静
202300025,2023-09-01,2027-07-01,汽车工程学院,车辆工程,车辆2301班,李文静
202300026,2023-09-01,2027-07-01,汽车工程学院,车辆工程,车辆2301班,李文静
202300027,2023-09-01,2027-07-01,汽车工程学院,车辆工程,车辆2301班,李文静
202300028,2023-09-01,2027-07-01,汽车工程学院,车辆工程,车辆2301班,李文静
202300029,2023-09-01,2027-07-01,汽车工程学院,车辆工程,车辆2301班,李文静
202300030,2023-09-01,2027-07-01,汽车工程学院,车辆工程,车辆2301班,李文静
202300031,2023-09-01,2027-07-01,汽车工程学院,车辆工程,车辆2301班,李文静
202300032,2023-09-01,2027-07-01,汽车工程学院,车辆工程,车辆2301班,李文静
202300033,2023-09-01,2027-07-01,汽车工程学院,车辆工程,车辆2301班,李文静
202300034,2023-09-01,2027-07-01,汽车工程学院,车辆工程,车辆2301班,李文静
202300035,2023-09-01,2027-07-01,汽车工程学院,车辆工程,车辆2302班,李文静
202300036,2023-09-01,2027-07-01,汽车工程学院,车辆工程,车辆2302班,李文静
202300037,2023-09-01,2027-07-01,汽车工程学院,车辆工程,车辆2302班,李文静
202300038,2023-09-01,2027-07-01,汽车工程学院,车辆工程,车辆2302班,李文静
202300039,2023-09-01,2027-07-01,汽车工程学院,车辆工程,车辆2302班,李文静
202300040,2023-09-01,2027-07-01,汽车工程学院,车辆工程,车辆2302班,李文静
202300041,2023-09-01,2027-07-01,汽车工程学院,车辆工程,车辆2302班,李文静
202300042,2023-09-01,2027-07-01,汽车工程学院,车辆工程,车辆2302班,李文静
202300043,2023-09-01,2027-07-01,汽车工程学院,车辆工程,车辆2302班,李文静
202300044,2023-09-01,2027-07-01,汽车工程学院,车辆工程,车辆2302班,李文静
202300045,2023-09-01,2027-07-01,汽车工程学院,车辆工程,车辆2302班,李文静
202300046,2023-09-01,2027-07-01,汽车工程学院,车辆工程,车辆2302班,李文静
202300047,2023-09-01,2027-07-01,汽车工程学院,车辆工程,车辆2302班,李文静
202300048,2023-09-01,2027-07-01,汽车工程学院,车辆工程,车辆2302班,李文静
202300049,2023-09-01,2027-07-01,汽车工程学院,车辆工程,车辆2302班,李文静
202300050,2023-09-01,2027-07-01,汽车工程学院,车辆工程,车辆2302班,李文静
202300051,2023-09-01,2027-07-01,汽车工程学院,车辆工程,车辆2302班,李文静
202300052,2023-09-01,2027-07-01,汽车工程学院,车辆工程,车辆2302班,李文静
202300053,2023-09-01,2027-07-01,汽车工程学院,车辆工程,车辆2302班,李文静
202300054,2023-09-01,2027-07-01,汽车工程学院,车辆工程,车辆2302班,李文静
202300055,2023-09-01,2027-07-01,汽车工程学院,车辆工程,车辆2302班,李文静
202300056,2023-09-01,2027-07-01,汽车工程学院,车辆工程,车辆2302班,李文静
202300057,2023-09-01,2027-07-01,汽车工程学院,车辆工程,车辆2302班,李文静
202300058,2023-09-01,2027-07-01,汽车工程学院,车辆工程,车辆2302班,李文静
202300059,2023-09-01,2027-07-01,汽车工程学院,车辆工程,车辆2302班,李文静
202300060,2023-09-01,2027-07-01,汽车工程学院,车辆工程,车辆2302班,李文静
202300061,2023-09-01,2027-07-01,汽车工程学院,车辆工程,车辆2302班,李文静
202300062,2023-09-01,2027-07-01,汽车工程学院,车辆工程,车辆2302班,李文静
202300063,2023-09-01,2027-07-01,汽车工程学院,车辆工程,车辆2302班,李文静
202300064,2023-09-01,2027-07-01,汽车工程学院,车辆工程,车辆2302班,李文静
202300065,2023-09-01,2027-07-01,汽车工程学院,车辆工程,车辆2302班,李文静
202300066,2023-09-01,2027-07-01,汽车工程学院,车辆工程,车辆2302班,李文静
202300067,2023-09-01,2027-07-01,汽车工程学院,车辆工程,车辆2302班,李文静
202300068,2023-09-01,2027-07-01,汽车工程学院,车辆工程,车辆2302班,李文静
202300069,2023-09-01,2027-07-01,汽车工程学院,车辆工程,车辆2303班,李文静
202300070,2023-09-01,2027-07-01,汽车工程学院,车辆工程,车辆2303班,李文静
202300071,2023-09-01,2027-07-01,汽车工程学院,车辆工程,车辆2303班,李文静
202300072,2023-09-01,2027-07-01,汽车工程学院,车辆工程,车辆2303班,李文静
202300073,2023-09-01,2027-07-01,汽车工程学院,车辆工程,车辆2303班,李文静
202300074,2023-09-01,2027-07-01,汽车工程学院,车辆工程,车辆2303班,李文静
202300075,2023-09-01,2027-07-01,汽车工程学院,车辆工程,车辆2303班,李文静
202300076,2023-09-01,2027-07-01,汽车工程学院,车辆工程,车辆2303班,李文静
202300077,2023-09-01,2027-07-01,汽车工程学院,车辆工程,车辆2303班,李文静
202300078,2023-09-01,2027-07-01,汽车工程学院,车辆工程,车辆2303班,李文静
202300079,2023-09-01,2027-07-01,汽车工程学院,车辆工程,车辆2303班,李文静
202300080,2023-09-01,2027-07-01,汽车工程学院,车辆工程,车辆2303班,李文静
202300081,2023-09-01,2027-07-01,汽车工程学院,车辆工程,车辆2303班,李文静
202300082,2023-09-01,2027-07-01,汽车工程学院,车辆工程,车辆2303班,李文静
202300083,2023-09-01,2027-07-01,汽车工程学院,车辆工程,车辆2303班,李文静
202300084,2023-09-01,2027-07-01,汽车工程学院,车辆工程,车辆2303班,李文静
202300085,2023-09-01,2027-07-01,汽车工程学院,车辆工程,车辆2303班,李文静
202300086,2023-09-01,2027-07-01,汽车工程学院,车辆工程,车辆2303班,李文静
202300087,2023-09-01,2027-07-01,汽车工程学院,车辆工程,车辆2303班,李文静
202300088,2023-09-01,2027-07-01,汽车工程学院,车辆工程,车辆2303班,李文静
202300089,2023-09-01,2027-07-01,汽车工程学院,车辆工程,车辆2303班,李文静
202300090,2023-09-01,2027-07-01,汽车工程学院,车辆工程,车辆2303班,李文静
202300091,2023-09-01,2027-07-01,汽车工程学院,车辆工程,车辆2303班,李文静
202300092,2023-09-01,2027-07-01,汽车工程学院,车辆工程,车辆2303班,李文静
202300093,2023-09-01,2027-07-01,汽车工程学院,车辆工程,车辆2303班,李文静
202300094,2023-09-01,2027-07-01,汽车工程学院,车辆工程,车辆2303班,李文静
202300095,2023-09-01,2027-07-01,汽车工程学院,车辆工程,车辆2303班,李文静
202300096,2023-09-01,2027-07-01,汽车工程学院,车辆工程,车辆2303班,李文静
202300097,2023-09-01,2027-07-01,汽车工程学院,车辆工程,车辆2303班,李文静
202300098,2023-09-01,2027-07-01,汽车工程学院,车辆工程,车辆2303班,李文静
202300099,2023-09-01,2027-07-01,汽车工程学院,车辆工程,车辆2303班,李文静
202300100,2023-09-01,2027-07-01,汽车工程学院,车辆工程,车辆2303班,李文静
202300101,2023-09-01,2027-07-01,汽车工程学院,车辆工程,车辆2303班,李文静
202300102,2023-09-01,2027-07-01,汽车工程学院,车辆工程,车辆2303班,李文静
202300103,2023-09-01,2027-07-01,汽车工程学院,车辆工程,车辆2304班,李文静
202300104,2023-09-01,2027-07-01,汽车工程学院,车辆工程,车辆2304班,李文静
202300105,2023-09-01,2027-07-01,汽车工程学院,车辆工程,车辆2304班,李文静
202300106,2023-09-01,2027-07-01,汽车工程学院,车辆工程,车辆2304班,李文静
202300107,2023-09-01,2027-07-01,汽车工程学院,车辆工程,车辆2304班,李文静
202300108,2023-09-01,2027-07-01,汽车工程学院,车辆工程,车辆2304班,李文静
202300109,2023-09-01,2027-07-01,汽车工程学院,车辆工程,车辆2304班,李文静
202300110,2023-09-01,2027-07-01,汽车工程学院,车辆工程,车辆2304班,李文静
202300111,2023-09-01,2027-07-01,汽车工程学院,车辆工程,车辆2304班,李文静
202300112,2023-09-01,2027-07-01,汽车工程学院,车辆工程,车辆2304班,李文静
202300113,2023-09-01,2027-07-01,汽车工程学院,车辆工程,车辆2304班,李文静
202300114,2023-09-01,2027-07-01,汽车工程学院,车辆工程,车辆2304班,李文静
202300115,2023-09-01,2027-07-01,汽车工程学院,车辆工程,车辆2304班,李文静
202300116,2023-09-01,2027-07-01,汽车工程学院,车辆工程,车辆2304班,李文静
202300117,2023-09-01,2027-07-01,汽车工程学院,车辆工程,车辆2304班,李文静
202300118,2023-09-01,2027-07-01,汽车工程学院,车辆工程,车辆2304班,李文静
202300119,2023-09-01,2027-07-01,汽车工程学院,车辆工程,车辆2304班,李文静
202300120,2023-09-01,2027-07-01,汽车工程学院,车辆工程,车辆2304班,李文静
202300121,2023-09-01,2027-07-01,汽车工程学院,车辆工程,车辆2304班,李文静
202300122,2023-09-01,2027-07-01,汽车工程学院,车辆工程,车辆2304班,李文静
202300123,2023-09-01,2027-07-01,汽车工程学院,车辆工程,车辆2304班,李文静
202300124,2023-09-01,2027-07-01,汽车工程学院,车辆工程,车辆2304班,李文静
202300125,2023-09-01,2027-07-01,汽车工程学院,车辆工程,车辆2304班,李文静
202300126,2023-09-01,2027-07-01,汽车工程学院,车辆工程,车辆2304班,李文静
202300127,2023-09-01,2027-07-01,汽车工程学院,车辆工程,车辆2304班,李文静
202300128,2023-09-01,2027-07-01,汽车工程学院,车辆工程,车辆2304班,李文静
202300129,2023-09-01,2027-07-01,汽车工程学院,车辆工程,车辆2304班,李文静
202300130,2023-09-01,2027-07-01,汽车工程学院,车辆工程,车辆2304班,李文静
202300131,2023-09-01,2027-07-01,汽车工程学院,车辆工程,车辆2304班,李文静
202300132,2023-09-01,2027-07-01,汽车工程学院,车辆工程,车辆2304班,李文静
202300133,2023-09-01,2027-07-01,汽车工程学院,车辆工程,车辆2304班,李文静
202300134,2023-09-01,2027-07-01,汽车工程学院,车辆工程,车辆2304班,李文静
202300135,2023-09-01,2027-07-01,汽车工程学院,车辆工程,车辆2304班,李文静
202300136,2023-09-01,2027-07-01,汽车工程学院,车辆工程,车辆2304班,李文静
202300137,2023-09-01,2027-07-01,汽车工程学院,能源与动力工程,能动2301班,王海燕
202300138,2023-09-01,2027-07-01,汽车工程学院,能源与动力工程,能动2301班,王海燕
202300139,2023-09-01,2027-07-01,汽车工程学院,能源与动力工程,能动2301班,王海燕
202300140,2023-09-01,2027-07-01,汽车工程学院,能源与动力工程,能动2301班,王海燕
202300141,2023-09-01,2027-07-01,汽车工程学院,能源与动力工程,能动2301班,王海燕
202300142,2023-09-01,2027-07-01,汽车工程学院,能源与动力工程,能动2301班,王海燕
202300143,2023-09-01,2027-07-01,汽车工程学院,能源与动力工程,能动2301班,王海燕
202300144,2023-09-01,2027-07-01,汽车工程学院,能源与动力工程,能动2301班,王海燕
202300145,2023-09-01,2027-07-01,汽车工程学院,能源与动力工程,能动2301班,王海燕
202300146,2023-09-01,2027-07-01,汽车工程学院,能源与动力工程,能动2301班,王海燕
202300147,2023-09-01,2027-07-01,汽车工程学院,能源与动力工程,能动2301班,王海燕
202300148,2023-09-01,2027-07-01,汽车工程学院,能源与动力工程,能动2301班,王海燕
202300149,2023-09-01,2027-07-01,汽车工程学院,能源与动力工程,能动2301班,王海燕
202300150,2023-09-01,2027-07-01,汽车工程学院,能源与动力工程,能动2301班,王海燕
202300151,2023-09-01,2027-07-01,汽车工程学院,能源与动力工程,能动2301班,王海燕
202300152,2023-09-01,2027-07-01,汽车工程学院,能源与动力工程,能动2301班,王海燕
202300153,2023-09-01,2027-07-01,汽车工程学院,能源与动力工程,能动2301班,王海燕
202300154,2023-09-01,2027-07-01,汽车工程学院,能源与动力工程,能动2301班,王海燕
202300155,2023-09-01,2027-07-01,汽车工程学院,能源与动力工程,能动2301班,王海燕
202300156,2023-09-01,2027-07-01,汽车工程学院,能源与动力工程,能动2301班,王海燕
202300157,2023-09-01,2027-07-01,汽车工程学院,能源与动力工程,能动2301班,王海燕
202300158,2023-09-01,2027-07-01,汽车工程学院,能源与动力工程,能动2301班,王海燕
202300159,2023-09-01,2027-07-01,汽车工程学院,能源与动力工程,能动2301班,王海燕
202300160,2023-09-01,2027-07-01,汽车工程学院,能源与动力工程,能动2301班,王海燕
202300161,2023-09-01,2027-07-01,汽车工程学院,能源与动力工程,能动2301班,王海燕
202300162,2023-09-01,2027-07-01,汽车工程学院,能源与动力工程,能动2301班,王海燕
202300163,2023-09-01,2027-07-01,汽车工程学院,能源与动力工程,能动2301班,王海燕
202300164,2023-09-01,2027-07-01,汽车工程学院,能源与动力工程,能动2301班,王海燕
202300165,2023-09-01,2027-07-01,汽车工程学院,能源与动力工程,能动2301班,王海燕
202300166,2023-09-01,2027-07-01,汽车工程学院,能源与动力工程,能动2301班,王海燕
202300167,2023-09-01,2027-07-01,汽车工程学院,能源与动力工程,能动2301班,王海燕
202300168,2023-09-01,2027-07-01,汽车工程学院,能源与动力工程,能动2301班,王海燕
202300169,2023-09-01,2027-07-01,汽车工程学院,能源与动力工程,能动2301班,王海燕
202300170,2023-09-01,2027-07-01,汽车工程学院,能源与动力工程,能动2301班,王海燕
202300171,2023-09-01,2027-07-01,汽车工程学院,能源与动力工程,能动2302班,王海燕
202300172,2023-09-01,2027-07-01,汽车工程学院,能源与动力工程,能动2302班,王海燕
202300173,2023-09-01,2027-07-01,汽车工程学院,能源与动力工程,能动2302班,王海燕
202300174,2023-09-01,2027-07-01,汽车工程学院,能源与动力工程,能动2302班,王海燕
202300175,2023-09-01,2027-07-01,汽车工程学院,能源与动力工程,能动2302班,王海燕
202300176,2023-09-01,2027-07-01,汽车工程学院,能源与动力工程,能动2302班,王海燕
202300177,2023-09-01,2027-07-01,汽车工程学院,能源与动力工程,能动2302班,王海燕
202300178,2023-09-01,2027-07-01,汽车工程学院,能源与动力工程,能动2302班,王海燕
202300179,2023-09-01,2027-07-01,汽车工程学院,能源与动力工程,能动2302班,王海燕
202300180,2023-09-01,2027-07-01,汽车工程学院,能源与动力工程,能动2302班,王海燕
202300181,2023-09-01,2027-07-01,汽车工程学院,能源与动力工程,能动2302班,王海燕
202300182,2023-09-01,2027-07-01,汽车工程学院,能源与动力工程,能动2302班,王海燕
202300183,2023-09-01,2027-07-01,汽车工程学院,能源与动力工程,能动2302班,王海燕
202300184,2023-09-01,2027-07-01,汽车工程学院,能源与动力工程,能动2302班,王海燕
202300185,2023-09-01,2027-07-01,汽车工程学院,能源与动力工程,能动2302班,王海燕
202300186,2023-09-01,2027-07-01,汽车工程学院,能源与动力工程,能动2302班,王海燕
202300187,2023-09-01,2027-07-01,汽车工程学院,能源与动力工程,能动2302班,王海燕
202300188,2023-09-01,2027-07-01,汽车工程学院,能源与动力工程,能动2302班,王海燕
202300189,2023-09-01,2027-07-01,汽车工程学院,能源与动力工程,能动2302班,王海燕
202300190,2023-09-01,2027-07-01,汽车工程学院,能源与动力工程,能动2302班,王海燕
202300191,2023-09-01,2027-07-01,汽车工程学院,能源与动力工程,能动2302班,王海燕
202300192,2023-09-01,2027-07-01,汽车工程学院,能源与动力工程,能动2302班,王海燕
202300193,2023-09-01,2027-07-01,汽车工程学院,能源与动力工程,能动2302班,王海燕
202300194,2023-09-01,2027-07-01,汽车工程学院,能源与动力工程,能动2302班,王海燕
202300195,2023-09-01,2027-07-01,汽车工程学院,能源与动力工程,能动2302班,王海燕
202300196,2023-09-01,2027-07-01,汽车工程学院,能源与动力工程,能动2302班,王海燕
202300197,2023-09-01,2027-07-01,汽车工程学院,能源与动力工程,能动2302班,王海燕
202300198,2023-09-01,2027-07-01,汽车工程学院,能源与动力工程,能动2302班,王海燕
202300199,2023-09-01,2027-07-01,汽车工程学院,能源与动力工程,能动2302班,王海燕
202300200,2023-09-01,2027-07-01,汽车工程学院,能源与动力工程,能动2302班,王海燕
202300201,2023-09-01,2027-07-01,汽车工程学院,能源与动力工程,能动2302班,王海燕
202300202,2023-09-01,2027-07-01,汽车工程学院,能源与动力工程,能动2302班,王海燕
202300203,2023-09-01,2027-07-01,汽车工程学院,能源与动力工程,能动2302班,王海燕
202300204,2023-09-01,2027-07-01,汽车工程学院,能源与动力工程,能动2302班,王海燕
202300205,2023-09-01,2027-07-01,汽车工程学院,机械设计制造及其自动化,机电2301班,刘志强
202300206,2023-09-01,2027-07-01,汽车工程学院,机械设计制造及其自动化,机电2301班,刘志强
202300207,2023-09-01,2027-07-01,汽车工程学院,机械设计制造及其自动化,机电2301班,刘志强
202300208,2023-09-01,2027-07-01,汽车工程学院,机械设计制造及其自动化,机电2301班,刘志强
202300209,2023-09-01,2027-07-01,汽车工程学院,机械设计制造及其自动化,机电2301班,刘志强
202300210,2023-09-01,2027-07-01,汽车工程学院,机械设计制造及其自动化,机电2301班,刘志强
202300211,2023-09-01,2027-07-01,汽车工程学院,机械设计制造及其自动化,机电2301班,刘志强
202300212,2023-09-01,2027-07-01,汽车工程学院,机械设计制造及其自动化,机电2301班,刘志强
202300213,2023-09-01,2027-07-01,汽车工程学院,机械设计制造及其自动化,机电2301班,刘志强
202300214,2023-09-01,2027-07-01,汽车工程学院,机械设计制造及其自动化,机电2301班,刘志强
202300215,2023-09-01,2027-07-01,汽车工程学院,机械设计制造及其自动化,机电2301班,刘志强
202300216,2023-09-01,2027-07-01,汽车工程学院,机械设计制造及其自动化,机电2301班,刘志强
202300217,2023-09-01,2027-07-01,汽车工程学院,机械设计制造及其自动化,机电2301班,刘志强
202300218,2023-09-01,2027-07-01,汽车工程学院,机械设计制造及其自动化,机电2301班,刘志强
202300219,2023-09-01,2027-07-01,汽车工程学院,机械设计制造及其自动化,机电2301班,刘志强
202300220,2023-09-01,2027-07-01,汽车工程学院,机械设计制造及其自动化,机电2301班,刘志强
202300221,2023-09-01,2027-07-01,汽车工程学院,机械设计制造及其自动化,机电2301班,刘志强
202300222,2023-09-01,2027-07-01,汽车工程学院,机械设计制造及其自动化,机电2301班,刘志强
202300223,2023-09-01,2027-07-01,汽车工程学院,机械设计制造及其自动化,机电2301班,刘志强
202300224,2023-09-01,2027-07-01,汽车工程学院,机械设计制造及其自动化,机电2301班,刘志强
202300225,2023-09-01,2027-07-01,汽车工程学院,机械设计制造及其自动化,机电2301班,刘志强
202300226,2023-09-01,2027-07-01,汽车工程学院,机械设计制造及其自动化,机电2301班,刘志强
202300227,2023-09-01,2027-07-01,汽车工程学院,机械设计制造及其自动化,机电2301班,刘志强
202300228,2023-09-01,2027-07-01,汽车工程学院,机械设计制造及其自动化,机电2301班,刘志强
202300229,2023-09-01,2027-07-01,汽车工程学院,机械设计制造及其自动化,机电2301班,刘志强
202300230,2023-09-01,2027-07-01,汽车工程学院,机械设计制造及其自动化,机电2301班,刘志强
202300231,2023-09-01,2027-07-01,汽车工程学院,机械设计制造及其自动化,机电2301班,刘志强
202300232,2023-09-01,2027-07-01,汽车工程学院,机械设计制造及其自动化,机电2301班,刘志强
202300233,2023-09-01,2027-07-01,汽车工程学院,机械设计制造及其自动化,机电2301班,刘志强
202300234,2023-09-01,2027-07-01,汽车工程学院,机械设计制造及其自动化,机电2301班,刘志强
202300235,2023-09-01,2027-07-01,汽车工程学院,机械设计制造及其自动化,机电2301班,刘志强
202300236,2023-09-01,2027-07-01,汽车工程学院,机械设计制造及其自动化,机电2301班,刘志强
202300237,2023-09-01,2027-07-01,汽车工程学院,机械设计制造及其自动化,机电2301班,刘志强
202300238,2023-09-01,2027-07-01,汽车工程学院,机械设计制造及其自动化,机电2302班,刘志强
202300239,2023-09-01,2027-07-01,汽车工程学院,机械设计制造及其自动化,机电2302班,刘志强
202300240,2023-09-01,2027-07-01,汽车工程学院,机械设计制造及其自动化,机电2302班,刘志强
202300241,2023-09-01,2027-07-01,汽车工程学院,机械设计制造及其自动化,机电2302班,刘志强
202300242,2023-09-01,2027-07-01,汽车工程学院,机械设计制造及其自动化,机电2302班,刘志强
202300243,2023-09-01,2027-07-01,汽车工程学院,机械设计制造及其自动化,机电2302班,刘志强
202300244,2023-09-01,2027-07-01,汽车工程学院,机械设计制造及其自动化,机电2302班,刘志强
202300245,2023-09-01,2027-07-01,汽车工程学院,机械设计制造及其自动化,机电2302班,刘志强
202300246,2023-09-01,2027-07-01,汽车工程学院,机械设计制造及其自动化,机电2302班,刘志强
202300247,2023-09-01,2027-07-01,汽车工程学院,机械设计制造及其自动化,机电2302班,刘志强
202300248,2023-09-01,2027-07-01,汽车工程学院,机械设计制造及其自动化,机电2302班,刘志强
202300249,2023-09-01,2027-07-01,汽车工程学院,机械设计制造及其自动化,机电2302班,刘志强
202300250,2023-09-01,2027-07-01,汽车工程学院,机械设计制造及其自动化,机电2302班,刘志强
202300251,2023-09-01,2027-07-01,汽车工程学院,机械设计制造及其自动化,机电2302班,刘志强
202300252,2023-09-01,2027-07-01,汽车工程学院,机械设计制造及其自动化,机电2302班,刘志强
202300253,2023-09-01,2027-07-01,汽车工程学院,机械设计制造及其自动化,机电2302班,刘志强
202300254,2023-09-01,2027-07-01,汽车工程学院,机械设计制造及其自动化,机电2302班,刘志强
202300255,2023-09-01,2027-07-01,汽车工程学院,机械设计制造及其自动化,机电2302班,刘志强
202300256,2023-09-01,2027-07-01,汽车工程学院,机械设计制造及其自动化,机电2302班,刘志强
202300257,2023-09-01,2027-07-01,汽车工程学院,机械设计制造及其自动化,机电2302班,刘志强
202300258,2023-09-01,2027-07-01,汽车工程学院,机械设计制造及其自动化,机电2302班,刘志强
202300259,2023-09-01,2027-07-01,汽车工程学院,机械设计制造及其自动化,机电2302班,刘志强
202300260,2023-09-01,2027-07-01,汽车工程学院,机械设计制造及其自动化,机电2302班,刘志强
202300261,2023-09-01,2027-07-01,汽车工程学院,机械设计制造及其自动化,机电2302班,刘志强
202300262,2023-09-01,2027-07-01,汽车工程学院,机械设计制造及其自动化,机电2302班,刘志强
202300263,2023-09-01,2027-07-01,汽车工程学院,机械设计制造及其自动化,机电2302班,刘志强
202300264,2023-09-01,2027-07-01,汽车工程学院,机械设计制造及其自动化,机电2302班,刘志强
202300265,2023-09-01,2027-07-01,汽车工程学院,机械设计制造及其自动化,机电2302班,刘志强
202300266,2023-09-01,2027-07-01,汽车工程学院,机械设计制造及其自动化,机电2302班,刘志强
202300267,2023-09-01,2027-07-01,汽车工程学院,机械设计制造及其自动化,机电2302班,刘志强
202300268,2023-09-01,2027-07-01,汽车工程学院,机械设计制造及其自动化,机电2302班,刘志强
202300269,2023-09-01,2027-07-01,汽车工程学院,机械设计制造及其自动化,机电2302班,刘志强
202300270,2023-09-01,2027-07-01,汽车工程学院,机械设计制造及其自动化,机电2302班,刘志强
202300271,2023-09-01,2027-07-01,汽车工程学院,交通运输,交通2301班,赵鹏
202300272,2023-09-01,2027-07-01,汽车工程学院,交通运输,交通2301班,赵鹏
202300273,2023-09-01,2027-07-01,汽车工程学院,交通运输,交通2301班,赵鹏
202300274,2023-09-01,2027-07-01,汽车工程学院,交通运输,交通2301班,赵鹏
202300275,2023-09-01,2027-07-01,汽车工程学院,交通运输,交通2301班,赵鹏
202300276,2023-09-01,2027-07-01,汽车工程学院,交通运输,交通2301班,赵鹏
202300277,2023-09-01,2027-07-01,汽车工程学院,交通运输,交通2301班,赵鹏
202300278,2023-09-01,2027-07-01,汽车工程学院,交通运输,交通2301班,赵鹏
202300279,2023-09-01,2027-07-01,汽车工程学院,交通运输,交通2301班,赵鹏
202300280,2023-09-01,2027-07-01,汽车工程学院,交通运输,交通2301班,赵鹏
202300281,2023-09-01,2027-07-01,汽车工程学院,交通运输,交通2301班,赵鹏
202300282,2023-09-01,2027-07-01,汽车工程学院,交通运输,交通2301班,赵鹏
202300283,2023-09-01,2027-07-01,汽车工程学院,交通运输,交通2301班,赵鹏
202300284,2023-09-01,2027-07-01,汽车工程学院,交通运输,交通2301班,赵鹏
202300285,2023-09-01,2027-07-01,汽车工程学院,交通运输,交通2301班,赵鹏
202300286,2023-09-01,2027-07-01,汽车工程学院,交通运输,交通2301班,赵鹏
202300287,2023-09-01,2027-07-01,汽车工程学院,交通运输,交通2301班,赵鹏
202300288,2023-09-01,2027-07-01,汽车工程学院,交通运输,交通2301班,赵鹏
202300289,2023-09-01,2027-07-01,汽车工程学院,交通运输,交通2301班,赵鹏
202300290,2023-09-01,2027-07-01,汽车工程学院,交通运输,交通2301班,赵鹏
202300291,2023-09-01,2027-07-01,汽车工程学院,交通运输,交通2301班,赵鹏
202300292,2023-09-01,2027-07-01,汽车工程学院,交通运输,交通2301班,赵鹏
202300293,2023-09-01,2027-07-01,汽车工程学院,交通运输,交通2301班,赵鹏
202300294,2023-09-01,2027-07-01,汽车工程学院,交通运输,交通2301班,赵鹏
202300295,2023-09-01,2027-07-01,汽车工程学院,交通运输,交通2301班,赵鹏
202300296,2023-09-01,2027-07-01,汽车工程学院,交通运输,交通2301班,赵鹏
202300297,2023-09-01,2027-07-01,汽车工程学院,交通运输,交通2301班,赵鹏
202300298,2023-09-01,2027-07-01,汽车工程学院,交通运输,交通2301班,赵鹏
202300299,2023-09-01,2027-07-01,汽车工程学院,交通运输,交通2301班,赵鹏
202300300,2023-09-01,2027-07-01,汽车工程学院,交通运输,交通2301班,赵鹏
202400301,2024-09-01,2028-07-01,汽车工程学院,车辆工程,车辆2401班,张伟
202400302,2024-09-01,2028-07-01,汽车工程学院,车辆工程,车辆2401班,张伟
202400303,2024-09-01,2028-07-01,汽车工程学院,车辆工程,车辆2401班,张伟
202400304,2024-09-01,2028-07-01,汽车工程学院,车辆工程,车辆2401班,张伟
202400305,2024-09-01,2028-07-01,汽车工程学院,车辆工程,车辆2401班,张伟
202400306,2024-09-01,2028-07-01,汽车工程学院,车辆工程,车辆2401班,张伟
202400307,2024-09-01,2028-07-01,汽车工程学院,车辆工程,车辆2401班,张伟
202400308,2024-09-01,2028-07-01,汽车工程学院,车辆工程,车辆2401班,张伟
202400309,2024-09-01,2028-07-01,汽车工程学院,车辆工程,车辆2401班,张伟
202400310,2024-09-01,2028-07-01,汽车工程学院,车辆工程,车辆2401班,张伟
202400311,2024-09-01,2028-07-01,汽车工程学院,车辆工程,车辆2401班,张伟
202400312,2024-09-01,2028-07-01,汽车工程学院,车辆工程,车辆2401班,张伟
202400313,2024-09-01,2028-07-01,汽车工程学院,车辆工程,车辆2401班,张伟
202400314,2024-09-01,2028-07-01,汽车工程学院,车辆工程,车辆2401班,张伟
202400315,2024-09-01,2028-07-01,汽车工程学院,车辆工程,车辆2401班,张伟
202400316,2024-09-01,2028-07-01,汽车工程学院,车辆工程,车辆2401班,张伟
202400317,2024-09-01,2028-07-01,汽车工程学院,车辆工程,车辆2401班,张伟
202400318,2024-09-01,2028-07-01,汽车工程学院,车辆工程,车辆2401班,张伟
202400319,2024-09-01,2028-07-01,汽车工程学院,车辆工程,车辆2401班,张伟
202400320,2024-09-01,2028-07-01,汽车工程学院,车辆工程,车辆2401班,张伟
202400321,2024-09-01,2028-07-01,汽车工程学院,车辆工程,车辆2401班,张伟
202400322,2024-09-01,2028-07-01,汽车工程学院,车辆工程,车辆2401班,张伟
202400323,2024-09-01,2028-07-01,汽车工程学院,车辆工程,车辆2401班,张伟
202400324,2024-09-01,2028-07-01,汽车工程学院,车辆工程,车辆2401班,张伟
202400325,2024-09-01,2028-07-01,汽车工程学院,车辆工程,车辆2401班,张伟
202400326,2024-09-01,2028-07-01,汽车工程学院,车辆工程,车辆2401班,张伟
202400327,2024-09-01,2028-07-01,汽车工程学院,车辆工程,车辆2401班,张伟
202400328,2024-09-01,2028-07-01,汽车工程学院,车辆工程,车辆2401班,张伟
202400329,2024-09-01,2028-07-01,汽车工程学院,车辆工程,车辆2401班,张伟
202400330,2024-09-01,2028-07-01,汽车工程学院,车辆工程,车辆2401班,张伟
202400331,2024-09-01,2028-07-01,汽车工程学院,车辆工程,车辆2401班,张伟
202400332,2024-09-01,2028-07-01,汽车工程学院,车辆工程,车辆2401班,张伟
202400333,2024-09-01,2028-07-01,汽车工程学院,车辆工程,车辆2401班,张伟
202400334,2024-09-01,2028-07-01,汽车工程学院,车辆工程,车辆2401班,张伟
202400335,2024-09-01,2028-07-01,汽车工程学院,车辆工程,车辆2402班,张伟
202400336,2024-09-01,2028-07-01,汽车工程学院,车辆工程,车辆2402班,张伟
202400337,2024-09-01,2028-07-01,汽车工程学院,车辆工程,车辆2402班,张伟
202400338,2024-09-01,2028-07-01,汽车工程学院,车辆工程,车辆2402班,张伟
202400339,2024-09-01,2028-07-01,汽车工程学院,车辆工程,车辆2402班,张伟
202400340,2024-09-01,2028-07-01,汽车工程学院,车辆工程,车辆2402班,张伟
202400341,2024-09-01,2028-07-01,汽车工程学院,车辆工程,车辆2402班,张伟
202400342,2024-09-01,2028-07-01,汽车工程学院,车辆工程,车辆2402班,张伟
202400343,2024-09-01,2028-07-01,汽车工程学院,车辆工程,车辆2402班,张伟
202400344,2024-09-01,2028-07-01,汽车工程学院,车辆工程,车辆2402班,张伟
202400345,2024-09-01,2028-07-01,汽车工程学院,车辆工程,车辆2402班,张伟
202400346,2024-09-01,2028-07-01,汽车工程学院,车辆工程,车辆2402班,张伟
202400347,2024-09-01,2028-07-01,汽车工程学院,车辆工程,车辆2402班,张伟
202400348,2024-09-01,2028-07-01,汽车工程学院,车辆工程,车辆2402班,张伟
202400349,2024-09-01,2028-07-01,汽车工程学院,车辆工程,车辆2402班,张伟
202400350,2024-09-01,2028-07-01,汽车工程学院,车辆工程,车辆2402班,张伟
202400351,2024-09-01,2028-07-01,汽车工程学院,车辆工程,车辆2402班,张伟
202400352,2024-09-01,2028-07-01,汽车工程学院,车辆工程,车辆2402班,张伟
202400353,2024-09-01,2028-07-01,汽车工程学院,车辆工程,车辆2402班,张伟
202400354,2024-09-01,2028-07-01,汽车工程学院,车辆工程,车辆2402班,张伟
202400355,2024-09-01,2028-07-01,汽车工程学院,车辆工程,车辆2402班,张伟
202400356,2024-09-01,2028-07-01,汽车工程学院,车辆工程,车辆2402班,张伟
202400357,2024-09-01,2028-07-01,汽车工程学院,车辆工程,车辆2402班,张伟
202400358,2024-09-01,2028-07-01,汽车工程学院,车辆工程,车辆2402班,张伟
202400359,2024-09-01,2028-07-01,汽车工程学院,车辆工程,车辆2402班,张伟
202400360,2024-09-01,2028-07-01,汽车工程学院,车辆工程,车辆2402班,张伟
202400361,2024-09-01,2028-07-01,汽车工程学院,车辆工程,车辆2402班,张伟
202400362,2024-09-01,2028-07-01,汽车工程学院,车辆工程,车辆2402班,张伟
202400363,2024-09-01,2028-07-01,汽车工程学院,车辆工程,车辆2402班,张伟
202400364,2024-09-01,2028-07-01,汽车工程学院,车辆工程,车辆2402班,张伟
202400365,2024-09-01,2028-07-01,汽车工程学院,车辆工程,车辆2402班,张伟
202400366,2024-09-01,2028-07-01,汽车工程学院,车辆工程,车辆2402班,张伟
202400367,2024-09-01,2028-07-01,汽车工程学院,车辆工程,车辆2402班,张伟
202400368,2024-09-01,2028-07-01,汽车工程学院,车辆工程,车辆2402班,张伟
202400369,2024-09-01,2028-07-01,汽车工程学院,车辆工程,车辆2403班,张伟
202400370,2024-09-01,2028-07-01,汽车工程学院,车辆工程,车辆2403班,张伟
202400371,2024-09-01,2028-07-01,汽车工程学院,车辆工程,车辆2403班,张伟
202400372,2024-09-01,2028-07-01,汽车工程学院,车辆工程,车辆2403班,张伟
202400373,2024-09-01,2028-07-01,汽车工程学院,车辆工程,车辆2403班,张伟
202400374,2024-09-01,2028-07-01,汽车工程学院,车辆工程,车辆2403班,张伟
202400375,2024-09-01,2028-07-01,汽车工程学院,车辆工程,车辆2403班,张伟
202400376,2024-09-01,2028-07-01,汽车工程学院,车辆工程,车辆2403班,张伟
202400377,2024-09-01,2028-07-01,汽车工程学院,车辆工程,车辆2403班,张伟
202400378,2024-09-01,2028-07-01,汽车工程学院,车辆工程,车辆2403班,张伟
202400379,2024-09-01,2028-07-01,汽车工程学院,车辆工程,车辆2403班,张伟
202400380,2024-09-01,2028-07-01,汽车工程学院,车辆工程,车辆2403班,张伟
202400381,2024-09-01,2028-07-01,汽车工程学院,车辆工程,车辆2403班,张伟
202400382,2024-09-01,2028-07-01,汽车工程学院,车辆工程,车辆2403班,张伟
202400383,2024-09-01,2028-07-01,汽车工程学院,车辆工程,车辆2403班,张伟
202400384,2024-09-01,2028-07-01,汽车工程学院,车辆工程,车辆2403班,张伟
202400385,2024-09-01,2028-07-01,汽车工程学院,车辆工程,车辆2403班,张伟
202400386,2024-09-01,2028-07-01,汽车工程学院,车辆工程,车辆2403班,张伟
202400387,2024-09-01,2028-07-01,汽车工程学院,车辆工程,车辆2403班,张伟
202400388,2024-09-01,2028-07-01,汽车工程学院,车辆工程,车辆2403班,张伟
202400389,2024-09-01,2028-07-01,汽车工程学院,车辆工程,车辆2403班,张伟
202400390,2024-09-01,2028-07-01,汽车工程学院,车辆工程,车辆2403班,张伟
202400391,2024-09-01,2028-07-01,汽车工程学院,车辆工程,车辆2403班,张伟
202400392,2024-09-01,2028-07-01,汽车工程学院,车辆工程,车辆2403班,张伟
202400393,2024-09-01,2028-07-01,汽车工程学院,车辆工程,车辆2403班,张伟
202400394,2024-09-01,2028-07-01,汽车工程学院,车辆工程,车辆2403班,张伟
202400395,2024-09-01,2028-07-01,汽车工程学院,车辆工程,车辆2403班,张伟
202400396,2024-09-01,2028-07-01,汽车工程学院,车辆工程,车辆2403班,张伟
202400397,2024-09-01,2028-07-01,汽车工程学院,车辆工程,车辆2403班,张伟
202400398,2024-09-01,2028-07-01,汽车工程学院,车辆工程,车辆2403班,张伟
202400399,2024-09-01,2028-07-01,汽车工程学院,车辆工程,车辆2403班,张伟
202400400,2024-09-01,2028-07-01,汽车工程学院,车辆工程,车辆2403班,张伟
202400401,2024-09-01,2028-07-01,汽车工程学院,车辆工程,车辆2403班,张伟
202400402,2024-09-01,2028-07-01,汽车工程学院,车辆工程,车辆2403班,张伟
202400403,2024-09-01,2028-07-01,汽车工程学院,车辆工程,车辆2404班,张伟
202400404,2024-09-01,2028-07-01,汽车工程学院,车辆工程,车辆2404班,张伟
202400405,2024-09-01,2028-07-01,汽车工程学院,车辆工程,车辆2404班,张伟
202400406,2024-09-01,2028-07-01,汽车工程学院,车辆工程,车辆2404班,张伟
202400407,2024-09-01,2028-07-01,汽车工程学院,车辆工程,车辆2404班,张伟
202400408,2024-09-01,2028-07-01,汽车工程学院,车辆工程,车辆2404班,张伟
202400409,2024-09-01,2028-07-01,汽车工程学院,车辆工程,车辆2404班,张伟
202400410,2024-09-01,2028-07-01,汽车工程学院,车辆工程,车辆2404班,张伟
202400411,2024-09-01,2028-07-01,汽车工程学院,车辆工程,车辆2404班,张伟
202400412,2024-09-01,2028-07-01,汽车工程学院,车辆工程,车辆2404班,张伟
202400413,2024-09-01,2028-07-01,汽车工程学院,车辆工程,车辆2404班,张伟
202400414,2024-09-01,2028-07-01,汽车工程学院,车辆工程,车辆2404班,张伟
202400415,2024-09-01,2028-07-01,汽车工程学院,车辆工程,车辆2404班,张伟
202400416,2024-09-01,2028-07-01,汽车工程学院,车辆工程,车辆2404班,张伟
202400417,2024-09-01,2028-07-01,汽车工程学院,车辆工程,车辆2404班,张伟
202400418,2024-09-01,2028-07-01,汽车工程学院,车辆工程,车辆2404班,张伟
202400419,2024-09-01,2028-07-01,汽车工程学院,车辆工程,车辆2404班,张伟
202400420,2024-09-01,2028-07-01,汽车工程学院,车辆工程,车辆2404班,张伟
202400421,2024-09-01,2028-07-01,汽车工程学院,车辆工程,车辆2404班,张伟
202400422,2024-09-01,2028-07-01,汽车工程学院,车辆工程,车辆2404班,张伟
202400423,2024-09-01,2028-07-01,汽车工程学院,车辆工程,车辆2404班,张伟
202400424,2024-09-01,2028-07-01,汽车工程学院,车辆工程,车辆2404班,张伟
202400425,2024-09-01,2028-07-01,汽车工程学院,车辆工程,车辆2404班,张伟
202400426,2024-09-01,2028-07-01,汽车工程学院,车辆工程,车辆2404班,张伟
202400427,2024-09-01,2028-07-01,汽车工程学院,车辆工程,车辆2404班,张伟
202400428,2024-09-01,2028-07-01,汽车工程学院,车辆工程,车辆2404班,张伟
202400429,2024-09-01,2028-07-01,汽车工程学院,车辆工程,车辆2404班,张伟
202400430,2024-09-01,2028-07-01,汽车工程学院,车辆工程,车辆2404班,张伟
202400431,2024-09-01,2028-07-01,汽车工程学院,车辆工程,车辆2404班,张伟
202400432,2024-09-01,2028-07-01,汽车工程学院,车辆工程,车辆2404班,张伟
202400433,2024-09-01,2028-07-01,汽车工程学院,车辆工程,车辆2404班,张伟
202400434,2024-09-01,2028-07-01,汽车工程学院,车辆工程,车辆2404班,张伟
202400435,2024-09-01,2028-07-01,汽车工程学院,车辆工程,车辆2404班,张伟
202400436,2024-09-01,2028-07-01,汽车工程学院,车辆工程,车辆2404班,张伟
202400437,2024-09-01,2028-07-01,汽车工程学院,能源与动力工程,能动2401班,周建军
202400438,2024-09-01,2028-07-01,汽车工程学院,能源与动力工程,能动2401班,周建军
202400439,2024-09-01,2028-07-01,汽车工程学院,能源与动力工程,能动2401班,周建军
202400440,2024-09-01,2028-07-01,汽车工程学院,能源与动力工程,能动2401班,周建军
202400441,2024-09-01,2028-07-01,汽车工程学院,能源与动力工程,能动2401班,周建军
202400442,2024-09-01,2028-07-01,汽车工程学院,能源与动力工程,能动2401班,周建军
202400443,2024-09-01,2028-07-01,汽车工程学院,能源与动力工程,能动2401班,周建军
202400444,2024-09-01,2028-07-01,汽车工程学院,能源与动力工程,能动2401班,周建军
202400445,2024-09-01,2028-07-01,汽车工程学院,能源与动力工程,能动2401班,周建军
202400446,2024-09-01,2028-07-01,汽车工程学院,能源与动力工程,能动2401班,周建军
202400447,2024-09-01,2028-07-01,汽车工程学院,能源与动力工程,能动2401班,周建军
202400448,2024-09-01,2028-07-01,汽车工程学院,能源与动力工程,能动2401班,周建军
202400449,2024-09-01,2028-07-01,汽车工程学院,能源与动力工程,能动2401班,周建军
202400450,2024-09-01,2028-07-01,汽车工程学院,能源与动力工程,能动2401班,周建军
202400451,2024-09-01,2028-07-01,汽车工程学院,能源与动力工程,能动2401班,周建军
202400452,2024-09-01,2028-07-01,汽车工程学院,能源与动力工程,能动2401班,周建军
202400453,2024-09-01,2028-07-01,汽车工程学院,能源与动力工程,能动2401班,周建军
202400454,2024-09-01,2028-07-01,汽车工程学院,能源与动力工程,能动2401班,周建军
202400455,2024-09-01,2028-07-01,汽车工程学院,能源与动力工程,能动2401班,周建军
202400456,2024-09-01,2028-07-01,汽车工程学院,能源与动力工程,能动2401班,周建军
202400457,2024-09-01,2028-07-01,汽车工程学院,能源与动力工程,能动2401班,周建军
202400458,2024-09-01,2028-07-01,汽车工程学院,能源与动力工程,能动2401班,周建军
202400459,2024-09-01,2028-07-01,汽车工程学院,能源与动力工程,能动2401班,周建军
202400460,2024-09-01,2028-07-01,汽车工程学院,能源与动力工程,能动2401班,周建军
202400461,2024-09-01,2028-07-01,汽车工程学院,能源与动力工程,能动2401班,周建军
202400462,2024-09-01,2028-07-01,汽车工程学院,能源与动力工程,能动2401班,周建军
202400463,2024-09-01,2028-07-01,汽车工程学院,能源与动力工程,能动2401班,周建军
202400464,2024-09-01,2028-07-01,汽车工程学院,能源与动力工程,能动2401班,周建军
202400465,2024-09-01,2028-07-01,汽车工程学院,能源与动力工程,能动2401班,周建军
202400466,2024-09-01,2028-07-01,汽车工程学院,能源与动力工程,能动2401班,周建军
202400467,2024-09-01,2028-07-01,汽车工程学院,能源与动力工程,能动2401班,周建军
202400468,2024-09-01,2028-07-01,汽车工程学院,能源与动力工程,能动2401班,周建军
202400469,2024-09-01,2028-07-01,汽车工程学院,能源与动力工程,能动2401班,周建军
202400470,2024-09-01,2028-07-01,汽车工程学院,能源与动力工程,能动2401班,周建军
202400471,2024-09-01,2028-07-01,汽车工程学院,能源与动力工程,能动2402班,周建军
202400472,2024-09-01,2028-07-01,汽车工程学院,能源与动力工程,能动2402班,周建军
202400473,2024-09-01,2028-07-01,汽车工程学院,能源与动力工程,能动2402班,周建军
202400474,2024-09-01,2028-07-01,汽车工程学院,能源与动力工程,能动2402班,周建军
202400475,2024-09-01,2028-07-01,汽车工程学院,能源与动力工程,能动2402班,周建军
202400476,2024-09-01,2028-07-01,汽车工程学院,能源与动力工程,能动2402班,周建军
202400477,2024-09-01,2028-07-01,汽车工程学院,能源与动力工程,能动2402班,周建军
202400478,2024-09-01,2028-07-01,汽车工程学院,能源与动力工程,能动2402班,周建军
202400479,2024-09-01,2028-07-01,汽车工程学院,能源与动力工程,能动2402班,周建军
202400480,2024-09-01,2028-07-01,汽车工程学院,能源与动力工程,能动2402班,周建军
202400481,2024-09-01,2028-07-01,汽车工程学院,能源与动力工程,能动2402班,周建军
202400482,2024-09-01,2028-07-01,汽车工程学院,能源与动力工程,能动2402班,周建军
202400483,2024-09-01,2028-07-01,汽车工程学院,能源与动力工程,能动2402班,周建军
202400484,2024-09-01,2028-07-01,汽车工程学院,能源与动力工程,能动2402班,周建军
202400485,2024-09-01,2028-07-01,汽车工程学院,能源与动力工程,能动2402班,周建军
202400486,2024-09-01,2028-07-01,汽车工程学院,能源与动力工程,能动2402班,周建军
202400487,2024-09-01,2028-07-01,汽车工程学院,能源与动力工程,能动2402班,周建军
202400488,2024-09-01,2028-07-01,汽车工程学院,能源与动力工程,能动2402班,周建军
202400489,2024-09-01,2028-07-01,汽车工程学院,能源与动力工程,能动2402班,周建军
202400490,2024-09-01,2028-07-01,汽车工程学院,能源与动力工程,能动2402班,周建军
202400491,2024-09-01,2028-07-01,汽车工程学院,能源与动力工程,能动2402班,周建军
202400492,2024-09-01,2028-07-01,汽车工程学院,能源与动力工程,能动2402班,周建军
202400493,2024-09-01,2028-07-01,汽车工程学院,能源与动力工程,能动2402班,周建军
202400494,2024-09-01,2028-07-01,汽车工程学院,能源与动力工程,能动2402班,周建军
202400495,2024-09-01,2028-07-01,汽车工程学院,能源与动力工程,能动2402班,周建军
202400496,2024-09-01,2028-07-01,汽车工程学院,能源与动力工程,能动2402班,周建军
202400497,2024-09-01,2028-07-01,汽车工程学院,能源与动力工程,能动2402班,周建军
202400498,2024-09-01,2028-07-01,汽车工程学院,能源与动力工程,能动2402班,周建军
202400499,2024-09-01,2028-07-01,汽车工程学院,能源与动力工程,能动2402班,周建军
202400500,2024-09-01,2028-07-01,汽车工程学院,能源与动力工程,能动2402班,周建军
202400501,2024-09-01,2028-07-01,汽车工程学院,能源与动力工程,能动2402班,周建军
202400502,2024-09-01,2028-07-01,汽车工程学院,能源与动力工程,能动2402班,周建军
202400503,2024-09-01,2028-07-01,汽车工程学院,能源与动力工程,能动2402班,周建军
202400504,2024-09-01,2028-07-01,汽车工程学院,能源与动力工程,能动2402班,周建军
202400505,2024-09-01,2028-07-01,汽车工程学院,机械设计制造及其自动化,机电2401班,孙丽华
202400506,2024-09-01,2028-07-01,汽车工程学院,机械设计制造及其自动化,机电2401班,孙丽华
202400507,2024-09-01,2028-07-01,汽车工程学院,机械设计制造及其自动化,机电2401班,孙丽华
202400508,2024-09-01,2028-07-01,汽车工程学院,机械设计制造及其自动化,机电2401班,孙丽华
202400509,2024-09-01,2028-07-01,汽车工程学院,机械设计制造及其自动化,机电2401班,孙丽华
202400510,2024-09-01,2028-07-01,汽车工程学院,机械设计制造及其自动化,机电2401班,孙丽华
202400511,2024-09-01,2028-07-01,汽车工程学院,机械设计制造及其自动化,机电2401班,孙丽华
202400512,2024-09-01,2028-07-01,汽车工程学院,机械设计制造及其自动化,机电2401班,孙丽华
202400513,2024-09-01,2028-07-01,汽车工程学院,机械设计制造及其自动化,机电2401班,孙丽华
202400514,2024-09-01,2028-07-01,汽车工程学院,机械设计制造及其自动化,机电2401班,孙丽华
202400515,2024-09-01,2028-07-01,汽车工程学院,机械设计制造及其自动化,机电2401班,孙丽华
202400516,2024-09-01,2028-07-01,汽车工程学院,机械设计制造及其自动化,机电2401班,孙丽华
202400517,2024-09-01,2028-07-01,汽车工程学院,机械设计制造及其自动化,机电2401班,孙丽华
202400518,2024-09-01,2028-07-01,汽车工程学院,机械设计制造及其自动化,机电2401班,孙丽华
202400519,2024-09-01,2028-07-01,汽车工程学院,机械设计制造及其自动化,机电2401班,孙丽华
202400520,2024-09-01,2028-07-01,汽车工程学院,机械设计制造及其自动化,机电2401班,孙丽华
202400521,2024-09-01,2028-07-01,汽车工程学院,机械设计制造及其自动化,机电2401班,孙丽华
202400522,2024-09-01,2028-07-01,汽车工程学院,机械设计制造及其自动化,机电2401班,孙丽华
202400523,2024-09-01,2028-07-01,汽车工程学院,机械设计制造及其自动化,机电2401班,孙丽华
202400524,2024-09-01,2028-07-01,汽车工程学院,机械设计制造及其自动化,机电2401班,孙丽华
202400525,2024-09-01,2028-07-01,汽车工程学院,机械设计制造及其自动化,机电2401班,孙丽华
202400526,2024-09-01,2028-07-01,汽车工程学院,机械设计制造及其自动化,机电2401班,孙丽华
202400527,2024-09-01,2028-07-01,汽车工程学院,机械设计制造及其自动化,机电2401班,孙丽华
202400528,2024-09-01,2028-07-01,汽车工程学院,机械设计制造及其自动化,机电2401班,孙丽华
202400529,2024-09-01,2028-07-01,汽车工程学院,机械设计制造及其自动化,机电2401班,孙丽华
202400530,2024-09-01,2028-07-01,汽车工程学院,机械设计制造及其自动化,机电2401班,孙丽华
202400531,2024-09-01,2028-07-01,汽车工程学院,机械设计制造及其自动化,机电2401班,孙丽华
202400532,2024-09-01,2028-07-01,汽车工程学院,机械设计制造及其自动化,机电2401班,孙丽华
202400533,2024-09-01,2028-07-01,汽车工程学院,机械设计制造及其自动化,机电2401班,孙丽华
202400534,2024-09-01,2028-07-01,汽车工程学院,机械设计制造及其自动化,机电2401班,孙丽华
202400535,2024-09-01,2028-07-01,汽车工程学院,机械设计制造及其自动化,机电2401班,孙丽华
202400536,2024-09-01,2028-07-01,汽车工程学院,机械设计制造及其自动化,机电2401班,孙丽华
202400537,2024-09-01,2028-07-01,汽车工程学院,机械设计制造及其自动化,机电2401班,孙丽华
202400538,2024-09-01,2028-07-01,汽车工程学院,机械设计制造及其自动化,机电2402班,孙丽华
202400539,2024-09-01,2028-07-01,汽车工程学院,机械设计制造及其自动化,机电2402班,孙丽华
202400540,2024-09-01,2028-07-01,汽车工程学院,机械设计制造及其自动化,机电2402班,孙丽华
202400541,2024-09-01,2028-07-01,汽车工程学院,机械设计制造及其自动化,机电2402班,孙丽华
202400542,2024-09-01,2028-07-01,汽车工程学院,机械设计制造及其自动化,机电2402班,孙丽华
202400543,2024-09-01,2028-07-01,汽车工程学院,机械设计制造及其自动化,机电2402班,孙丽华
202400544,2024-09-01,2028-07-01,汽车工程学院,机械设计制造及其自动化,机电2402班,孙丽华
202400545,2024-09-01,2028-07-01,汽车工程学院,机械设计制造及其自动化,机电2402班,孙丽华
202400546,2024-09-01,2028-07-01,汽车工程学院,机械设计制造及其自动化,机电2402班,孙丽华
202400547,2024-09-01,2028-07-01,汽车工程学院,机械设计制造及其自动化,机电2402班,孙丽华
202400548,2024-09-01,2028-07-01,汽车工程学院,机械设计制造及其自动化,机电2402班,孙丽华
202400549,2024-09-01,2028-07-01,汽车工程学院,机械设计制造及其自动化,机电2402班,孙丽华
202400550,2024-09-01,2028-07-01,汽车工程学院,机械设计制造及其自动化,机电2402班,孙丽华
202400551,2024-09-01,2028-07-01,汽车工程学院,机械设计制造及其自动化,机电2402班,孙丽华
202400552,2024-09-01,2028-07-01,汽车工程学院,机械设计制造及其自动化,机电2402班,孙丽华
202400553,2024-09-01,2028-07-01,汽车工程学院,机械设计制造及其自动化,机电2402班,孙丽华
202400554,2024-09-01,2028-07-01,汽车工程学院,机械设计制造及其自动化,机电2402班,孙丽华
202400555,2024-09-01,2028-07-01,汽车工程学院,机械设计制造及其自动化,机电2402班,孙丽华
202400556,2024-09-01,2028-07-01,汽车工程学院,机械设计制造及其自动化,机电2402班,孙丽华
202400557,2024-09-01,2028-07-01,汽车工程学院,机械设计制造及其自动化,机电2402班,孙丽华
202400558,2024-09-01,2028-07-01,汽车工程学院,机械设计制造及其自动化,机电2402班,孙丽华
202400559,2024-09-01,2028-07-01,汽车工程学院,机械设计制造及其自动化,机电2402班,孙丽华
202400560,2024-09-01,2028-07-01,汽车工程学院,机械设计制造及其自动化,机电2402班,孙丽华
202400561,2024-09-01,2028-07-01,汽车工程学院,机械设计制造及其自动化,机电2402班,孙丽华
202400562,2024-09-01,2028-07-01,汽车工程学院,机械设计制造及其自动化,机电2402班,孙丽华
202400563,2024-09-01,2028-07-01,汽车工程学院,机械设计制造及其自动化,机电2402班,孙丽华
202400564,2024-09-01,2028-07-01,汽车工程学院,机械设计制造及其自动化,机电2402班,孙丽华
202400565,2024-09-01,2028-07-01,汽车工程学院,机械设计制造及其自动化,机电2402班,孙丽华
202400566,2024-09-01,2028-07-01,汽车工程学院,机械设计制造及其自动化,机电2402班,孙丽华
202400567,2024-09-01,2028-07-01,汽车工程学院,机械设计制造及其自动化,机电2402班,孙丽华
202400568,2024-09-01,2028-07-01,汽车工程学院,机械设计制造及其自动化,机电2402班,孙丽华
202400569,2024-09-01,2028-07-01,汽车工程学院,机械设计制造及其自动化,机电2402班,孙丽华
202400570,2024-09-01,2028-07-01,汽车工程学院,机械设计制造及其自动化,机电2402班,孙丽华
202400571,2024-09-01,2028-07-01,汽车工程学院,交通运输,交通2401班,钱雅琴
202400572,2024-09-01,2028-07-01,汽车工程学院,交通运输,交通2401班,钱雅琴
202400573,2024-09-01,2028-07-01,汽车工程学院,交通运输,交通2401班,钱雅琴
202400574,2024-09-01,2028-07-01,汽车工程学院,交通运输,交通2401班,钱雅琴
202400575,2024-09-01,2028-07-01,汽车工程学院,交通运输,交通2401班,钱雅琴
202400576,2024-09-01,2028-07-01,汽车工程学院,交通运输,交通2401班,钱雅琴
202400577,2024-09-01,2028-07-01,汽车工程学院,交通运输,交通2401班,钱雅琴
202400578,2024-09-01,2028-07-01,汽车工程学院,交通运输,交通2401班,钱雅琴
202400579,2024-09-01,2028-07-01,汽车工程学院,交通运输,交通2401班,钱雅琴
202400580,2024-09-01,2028-07-01,汽车工程学院,交通运输,交通2401班,钱雅琴
202400581,2024-09-01,2028-07-01,汽车工程学院,交通运输,交通2401班,钱雅琴
202400582,2024-09-01,2028-07-01,汽车工程学院,交通运输,交通2401班,钱雅琴
202400583,2024-09-01,2028-07-01,汽车工程学院,交通运输,交通2401班,钱雅琴
202400584,2024-09-01,2028-07-01,汽车工程学院,交通运输,交通2401班,钱雅琴
202400585,2024-09-01,2028-07-01,汽车工程学院,交通运输,交通2401班,钱雅琴
202400586,2024-09-01,2028-07-01,汽车工程学院,交通运输,交通2401班,钱雅琴
202400587,2024-09-01,2028-07-01,汽车工程学院,交通运输,交通2401班,钱雅琴
202400588,2024-09-01,2028-07-01,汽车工程学院,交通运输,交通2401班,钱雅琴
202400589,2024-09-01,2028-07-01,汽车工程学院,交通运输,交通2401班,钱雅琴
202400590,2024-09-01,2028-07-01,汽车工程学院,交通运输,交通2401班,钱雅琴
202400591,2024-09-01,2028-07-01,汽车工程学院,交通运输,交通2401班,钱雅琴
202400592,2024-09-01,2028-07-01,汽车工程学院,交通运输,交通2401班,钱雅琴
202400593,2024-09-01,2028-07-01,汽车工程学院,交通运输,交通2401班,钱雅琴
202400594,2024-09-01,2028-07-01,汽车工程学院,交通运输,交通2401班,钱雅琴
202400595,2024-09-01,2028-07-01,汽车工程学院,交通运输,交通2401班,钱雅琴
202400596,2024-09-01,2028-07-01,汽车工程学院,交通运输,交通2401班,钱雅琴
202400597,2024-09-01,2028-07-01,汽车工程学院,交通运输,交通2401班,钱雅琴
202400598,2024-09-01,2028-07-01,汽车工程学院,交通运输,交通2401班,钱雅琴
202400599,2024-09-01,2028-07-01,汽车工程学院,交通运输,交通2401班,钱雅琴
202400600,2024-09-01,2028-07-01,汽车工程学院,交通运输,交通2401班,钱雅琴
202500601,2025-09-01,2029-07-01,汽车工程学院,车辆工程,车辆2501班,陈晓宇
202500602,2025-09-01,2029-07-01,汽车工程学院,车辆工程,车辆2501班,陈晓宇
202500603,2025-09-01,2029-07-01,汽车工程学院,车辆工程,车辆2501班,陈晓宇
202500604,2025-09-01,2029-07-01,汽车工程学院,车辆工程,车辆2501班,陈晓宇
202500605,2025-09-01,2029-07-01,汽车工程学院,车辆工程,车辆2501班,陈晓宇
202500606,2025-09-01,2029-07-01,汽车工程学院,车辆工程,车辆2501班,陈晓宇
202500607,2025-09-01,2029-07-01,汽车工程学院,车辆工程,车辆2501班,陈晓宇
202500608,2025-09-01,2029-07-01,汽车工程学院,车辆工程,车辆2501班,陈晓宇
202500609,2025-09-01,2029-07-01,汽车工程学院,车辆工程,车辆2501班,陈晓宇
202500610,2025-09-01,2029-07-01,汽车工程学院,车辆工程,车辆2501班,陈晓宇
202500611,2025-09-01,2029-07-01,汽车工程学院,车辆工程,车辆2501班,陈晓宇
202500612,2025-09-01,2029-07-01,汽车工程学院,车辆工程,车辆2501班,陈晓宇
202500613,2025-09-01,2029-07-01,汽车工程学院,车辆工程,车辆2501班,陈晓宇
202500614,2025-09-01,2029-07-01,汽车工程学院,车辆工程,车辆2501班,陈晓宇
202500615,2025-09-01,2029-07-01,汽车工程学院,车辆工程,车辆2501班,陈晓宇
202500616,2025-09-01,2029-07-01,汽车工程学院,车辆工程,车辆2501班,陈晓宇
202500617,2025-09-01,2029-07-01,汽车工程学院,车辆工程,车辆2501班,陈晓宇
202500618,2025-09-01,2029-07-01,汽车工程学院,车辆工程,车辆2501班,陈晓宇
202500619,2025-09-01,2029-07-01,汽车工程学院,车辆工程,车辆2501班,陈晓宇
202500620,2025-09-01,2029-07-01,汽车工程学院,车辆工程,车辆2501班,陈晓宇
202500621,2025-09-01,2029-07-01,汽车工程学院,车辆工程,车辆2501班,陈晓宇
202500622,2025-09-01,2029-07-01,汽车工程学院,车辆工程,车辆2501班,陈晓宇
202500623,2025-09-01,2029-07-01,汽车工程学院,车辆工程,车辆2501班,陈晓宇
202500624,2025-09-01,2029-07-01,汽车工程学院,车辆工程,车辆2501班,陈晓宇
202500625,2025-09-01,2029-07-01,汽车工程学院,车辆工程,车辆2501班,陈晓宇
202500626,2025-09-01,2029-07-01,汽车工程学院,车辆工程,车辆2501班,陈晓宇
202500627,2025-09-01,2029-07-01,汽车工程学院,车辆工程,车辆2501班,陈晓宇
202500628,2025-09-01,2029-07-01,汽车工程学院,车辆工程,车辆2501班,陈晓宇
202500629,2025-09-01,2029-07-01,汽车工程学院,车辆工程,车辆2501班,陈晓宇
202500630,2025-09-01,2029-07-01,汽车工程学院,车辆工程,车辆2501班,陈晓宇
202500631,2025-09-01,2029-07-01,汽车工程学院,车辆工程,车辆2501班,陈晓宇
202500632,2025-09-01,2029-07-01,汽车工程学院,车辆工程,车辆2501班,陈晓宇
202500633,2025-09-01,2029-07-01,汽车工程学院,车辆工程,车辆2501班,陈晓宇
202500634,2025-09-01,2029-07-01,汽车工程学院,车辆工程,车辆2501班,陈晓宇
202500635,2025-09-01,2029-07-01,汽车工程学院,车辆工程,车辆2502班,陈晓宇
202500636,2025-09-01,2029-07-01,汽车工程学院,车辆工程,车辆2502班,陈晓宇
202500637,2025-09-01,2029-07-01,汽车工程学院,车辆工程,车辆2502班,陈晓宇
202500638,2025-09-01,2029-07-01,汽车工程学院,车辆工程,车辆2502班,陈晓宇
202500639,2025-09-01,2029-07-01,汽车工程学院,车辆工程,车辆2502班,陈晓宇
202500640,2025-09-01,2029-07-01,汽车工程学院,车辆工程,车辆2502班,陈晓宇
202500641,2025-09-01,2029-07-01,汽车工程学院,车辆工程,车辆2502班,陈晓宇
202500642,2025-09-01,2029-07-01,汽车工程学院,车辆工程,车辆2502班,陈晓宇
202500643,2025-09-01,2029-07-01,汽车工程学院,车辆工程,车辆2502班,陈晓宇
202500644,2025-09-01,2029-07-01,汽车工程学院,车辆工程,车辆2502班,陈晓宇
202500645,2025-09-01,2029-07-01,汽车工程学院,车辆工程,车辆2502班,陈晓宇
202500646,2025-09-01,2029-07-01,汽车工程学院,车辆工程,车辆2502班,陈晓宇
202500647,2025-09-01,2029-07-01,汽车工程学院,车辆工程,车辆2502班,陈晓宇
202500648,2025-09-01,2029-07-01,汽车工程学院,车辆工程,车辆2502班,陈晓宇
202500649,2025-09-01,2029-07-01,汽车工程学院,车辆工程,车辆2502班,陈晓宇
202500650,2025-09-01,2029-07-01,汽车工程学院,车辆工程,车辆2502班,陈晓宇
202500651,2025-09-01,2029-07-01,汽车工程学院,车辆工程,车辆2502班,陈晓宇
202500652,2025-09-01,2029-07-01,汽车工程学院,车辆工程,车辆2502班,陈晓宇
202500653,2025-09-01,2029-07-01,汽车工程学院,车辆工程,车辆2502班,陈晓宇
202500654,2025-09-01,2029-07-01,汽车工程学院,车辆工程,车辆2502班,陈晓宇
202500655,2025-09-01,2029-07-01,汽车工程学院,车辆工程,车辆2502班,陈晓宇
202500656,2025-09-01,2029-07-01,汽车工程学院,车辆工程,车辆2502班,陈晓宇
202500657,2025-09-01,2029-07-01,汽车工程学院,车辆工程,车辆2502班,陈晓宇
202500658,2025-09-01,2029-07-01,汽车工程学院,车辆工程,车辆2502班,陈晓宇
202500659,2025-09-01,2029-07-01,汽车工程学院,车辆工程,车辆2502班,陈晓宇
202500660,2025-09-01,2029-07-01,汽车工程学院,车辆工程,车辆2502班,陈晓宇
202500661,2025-09-01,2029-07-01,汽车工程学院,车辆工程,车辆2502班,陈晓宇
202500662,2025-09-01,2029-07-01,汽车工程学院,车辆工程,车辆2502班,陈晓宇
202500663,2025-09-01,2029-07-01,汽车工程学院,车辆工程,车辆2502班,陈晓宇
202500664,2025-09-01,2029-07-01,汽车工程学院,车辆工程,车辆2502班,陈晓宇
202500665,2025-09-01,2029-07-01,汽车工程学院,车辆工程,车辆2502班,陈晓宇
202500666,2025-09-01,2029-07-01,汽车工程学院,车辆工程,车辆2502班,陈晓宇
202500667,2025-09-01,2029-07-01,汽车工程学院,车辆工程,车辆2502班,陈晓宇
202500668,2025-09-01,2029-07-01,汽车工程学院,车辆工程,车辆2502班,陈晓宇
202500669,2025-09-01,2029-07-01,汽车工程学院,车辆工程,车辆2503班,陈晓宇
202500670,2025-09-01,2029-07-01,汽车工程学院,车辆工程,车辆2503班,陈晓宇
202500671,2025-09-01,2029-07-01,汽车工程学院,车辆工程,车辆2503班,陈晓宇
202500672,2025-09-01,2029-07-01,汽车工程学院,车辆工程,车辆2503班,陈晓宇
202500673,2025-09-01,2029-07-01,汽车工程学院,车辆工程,车辆2503班,陈晓宇
202500674,2025-09-01,2029-07-01,汽车工程学院,车辆工程,车辆2503班,陈晓宇
202500675,2025-09-01,2029-07-01,汽车工程学院,车辆工程,车辆2503班,陈晓宇
202500676,2025-09-01,2029-07-01,汽车工程学院,车辆工程,车辆2503班,陈晓宇
202500677,2025-09-01,2029-07-01,汽车工程学院,车辆工程,车辆2503班,陈晓宇
202500678,2025-09-01,2029-07-01,汽车工程学院,车辆工程,车辆2503班,陈晓宇
202500679,2025-09-01,2029-07-01,汽车工程学院,车辆工程,车辆2503班,陈晓宇
202500680,2025-09-01,2029-07-01,汽车工程学院,车辆工程,车辆2503班,陈晓宇
202500681,2025-09-01,2029-07-01,汽车工程学院,车辆工程,车辆2503班,陈晓宇
202500682,2025-09-01,2029-07-01,汽车工程学院,车辆工程,车辆2503班,陈晓宇
202500683,2025-09-01,2029-07-01,汽车工程学院,车辆工程,车辆2503班,陈晓宇
202500684,2025-09-01,2029-07-01,汽车工程学院,车辆工程,车辆2503班,陈晓宇
202500685,2025-09-01,2029-07-01,汽车工程学院,车辆工程,车辆2503班,陈晓宇
202500686,2025-09-01,2029-07-01,汽车工程学院,车辆工程,车辆2503班,陈晓宇
202500687,2025-09-01,2029-07-01,汽车工程学院,车辆工程,车辆2503班,陈晓宇
202500688,2025-09-01,2029-07-01,汽车工程学院,车辆工程,车辆2503班,陈晓宇
202500689,2025-09-01,2029-07-01,汽车工程学院,车辆工程,车辆2503班,陈晓宇
202500690,2025-09-01,2029-07-01,汽车工程学院,车辆工程,车辆2503班,陈晓宇
202500691,2025-09-01,2029-07-01,汽车工程学院,车辆工程,车辆2503班,陈晓宇
202500692,2025-09-01,2029-07-01,汽车工程学院,车辆工程,车辆2503班,陈晓宇
202500693,2025-09-01,2029-07-01,汽车工程学院,车辆工程,车辆2503班,陈晓宇
202500694,2025-09-01,2029-07-01,汽车工程学院,车辆工程,车辆2503班,陈晓宇
202500695,2025-09-01,2029-07-01,汽车工程学院,车辆工程,车辆2503班,陈晓宇
202500696,2025-09-01,2029-07-01,汽车工程学院,车辆工程,车辆2503班,陈晓宇
202500697,2025-09-01,2029-07-01,汽车工程学院,车辆工程,车辆2503班,陈晓宇
202500698,2025-09-01,2029-07-01,汽车工程学院,车辆工程,车辆2503班,陈晓宇
202500699,2025-09-01,2029-07-01,汽车工程学院,车辆工程,车辆2503班,陈晓宇
202500700,2025-09-01,2029-07-01,汽车工程学院,车辆工程,车辆2503班,陈晓宇
202500701,2025-09-01,2029-07-01,汽车工程学院,车辆工程,车辆2503班,陈晓宇
202500702,2025-09-01,2029-07-01,汽车工程学院,车辆工程,车辆2503班,陈晓宇
202500703,2025-09-01,2029-07-01,汽车工程学院,车辆工程,车辆2504班,陈晓宇
202500704,2025-09-01,2029-07-01,汽车工程学院,车辆工程,车辆2504班,陈晓宇
202500705,2025-09-01,2029-07-01,汽车工程学院,车辆工程,车辆2504班,陈晓宇
202500706,2025-09-01,2029-07-01,汽车工程学院,车辆工程,车辆2504班,陈晓宇
202500707,2025-09-01,2029-07-01,汽车工程学院,车辆工程,车辆2504班,陈晓宇
202500708,2025-09-01,2029-07-01,汽车工程学院,车辆工程,车辆2504班,陈晓宇
202500709,2025-09-01,2029-07-01,汽车工程学院,车辆工程,车辆2504班,陈晓宇
202500710,2025-09-01,2029-07-01,汽车工程学院,车辆工程,车辆2504班,陈晓宇
202500711,2025-09-01,2029-07-01,汽车工程学院,车辆工程,车辆2504班,陈晓宇
202500712,2025-09-01,2029-07-01,汽车工程学院,车辆工程,车辆2504班,陈晓宇
202500713,2025-09-01,2029-07-01,汽车工程学院,车辆工程,车辆2504班,陈晓宇
202500714,2025-09-01,2029-07-01,汽车工程学院,车辆工程,车辆2504班,陈晓宇
202500715,2025-09-01,2029-07-01,汽车工程学院,车辆工程,车辆2504班,陈晓宇
202500716,2025-09-01,2029-07-01,汽车工程学院,车辆工程,车辆2504班,陈晓宇
202500717,2025-09-01,2029-07-01,汽车工程学院,车辆工程,车辆2504班,陈晓宇
202500718,2025-09-01,2029-07-01,汽车工程学院,车辆工程,车辆2504班,陈晓宇
202500719,2025-09-01,2029-07-01,汽车工程学院,车辆工程,车辆2504班,陈晓宇
202500720,2025-09-01,2029-07-01,汽车工程学院,车辆工程,车辆2504班,陈晓宇
202500721,2025-09-01,2029-07-01,汽车工程学院,车辆工程,车辆2504班,陈晓宇
202500722,2025-09-01,2029-07-01,汽车工程学院,车辆工程,车辆2504班,陈晓宇
202500723,2025-09-01,2029-07-01,汽车工程学院,车辆工程,车辆2504班,陈晓宇
202500724,2025-09-01,2029-07-01,汽车工程学院,车辆工程,车辆2504班,陈晓宇
202500725,2025-09-01,2029-07-01,汽车工程学院,车辆工程,车辆2504班,陈晓宇
202500726,2025-09-01,2029-07-01,汽车工程学院,车辆工程,车辆2504班,陈晓宇
202500727,2025-09-01,2029-07-01,汽车工程学院,车辆工程,车辆2504班,陈晓宇
202500728,2025-09-01,2029-07-01,汽车工程学院,车辆工程,车辆2504班,陈晓宇
202500729,2025-09-01,2029-07-01,汽车工程学院,车辆工程,车辆2504班,陈晓宇
202500730,2025-09-01,2029-07-01,汽车工程学院,车辆工程,车辆2504班,陈晓宇
202500731,2025-09-01,2029-07-01,汽车工程学院,车辆工程,车辆2504班,陈晓宇
202500732,2025-09-01,2029-07-01,汽车工程学院,车辆工程,车辆2504班,陈晓宇
202500733,2025-09-01,2029-07-01,汽车工程学院,车辆工程,车辆2504班,陈晓宇
202500734,2025-09-01,2029-07-01,汽车工程学院,车辆工程,车辆2504班,陈晓宇
202500735,2025-09-01,2029-07-01,汽车工程学院,车辆工程,车辆2504班,陈晓宇
202500736,2025-09-01,2029-07-01,汽车工程学院,车辆工程,车辆2504班,陈晓宇
202500737,2025-09-01,2029-07-01,汽车工程学院,能源与动力工程,能动2501班,吴敏
202500738,2025-09-01,2029-07-01,汽车工程学院,能源与动力工程,能动2501班,吴敏
202500739,2025-09-01,2029-07-01,汽车工程学院,能源与动力工程,能动2501班,吴敏
202500740,2025-09-01,2029-07-01,汽车工程学院,能源与动力工程,能动2501班,吴敏
202500741,2025-09-01,2029-07-01,汽车工程学院,能源与动力工程,能动2501班,吴敏
202500742,2025-09-01,2029-07-01,汽车工程学院,能源与动力工程,能动2501班,吴敏
202500743,2025-09-01,2029-07-01,汽车工程学院,能源与动力工程,能动2501班,吴敏
202500744,2025-09-01,2029-07-01,汽车工程学院,能源与动力工程,能动2501班,吴敏
202500745,2025-09-01,2029-07-01,汽车工程学院,能源与动力工程,能动2501班,吴敏
202500746,2025-09-01,2029-07-01,汽车工程学院,能源与动力工程,能动2501班,吴敏
202500747,2025-09-01,2029-07-01,汽车工程学院,能源与动力工程,能动2501班,吴敏
202500748,2025-09-01,2029-07-01,汽车工程学院,能源与动力工程,能动2501班,吴敏
202500749,2025-09-01,2029-07-01,汽车工程学院,能源与动力工程,能动2501班,吴敏
202500750,2025-09-01,2029-07-01,汽车工程学院,能源与动力工程,能动2501班,吴敏
202500751,2025-09-01,2029-07-01,汽车工程学院,能源与动力工程,能动2501班,吴敏
202500752,2025-09-01,2029-07-01,汽车工程学院,能源与动力工程,能动2501班,吴敏
202500753,2025-09-01,2029-07-01,汽车工程学院,能源与动力工程,能动2501班,吴敏
202500754,2025-09-01,2029-07-01,汽车工程学院,能源与动力工程,能动2501班,吴敏
202500755,2025-09-01,2029-07-01,汽车工程学院,能源与动力工程,能动2501班,吴敏
202500756,2025-09-01,2029-07-01,汽车工程学院,能源与动力工程,能动2501班,吴敏
202500757,2025-09-01,2029-07-01,汽车工程学院,能源与动力工程,能动2501班,吴敏
202500758,2025-09-01,2029-07-01,汽车工程学院,能源与动力工程,能动2501班,吴敏
202500759,2025-09-01,2029-07-01,汽车工程学院,能源与动力工程,能动2501班,吴敏
202500760,2025-09-01,2029-07-01,汽车工程学院,能源与动力工程,能动2501班,吴敏
202500761,2025-09-01,2029-07-01,汽车工程学院,能源与动力工程,能动2501班,吴敏
202500762,2025-09-01,2029-07-01,汽车工程学院,能源与动力工程,能动2501班,吴敏
202500763,2025-09-01,2029-07-01,汽车工程学院,能源与动力工程,能动2501班,吴敏
202500764,2025-09-01,2029-07-01,汽车工程学院,能源与动力工程,能动2501班,吴敏
202500765,2025-09-01,2029-07-01,汽车工程学院,能源与动力工程,能动2501班,吴敏
202500766,2025-09-01,2029-07-01,汽车工程学院,能源与动力工程,能动2501班,吴敏
202500767,2025-09-01,2029-07-01,汽车工程学院,能源与动力工程,能动2501班,吴敏
202500768,2025-09-01,2029-07-01,汽车工程学院,能源与动力工程,能动2501班,吴敏
202500769,2025-09-01,2029-07-01,汽车工程学院,能源与动力工程,能动2501班,吴敏
202500770,2025-09-01,2029-07-01,汽车工程学院,能源与动力工程,能动2501班,吴敏
202500771,2025-09-01,2029-07-01,汽车工程学院,能源与动力工程,能动2502班,吴敏
202500772,2025-09-01,2029-07-01,汽车工程学院,能源与动力工程,能动2502班,吴敏
202500773,2025-09-01,2029-07-01,汽车工程学院,能源与动力工程,能动2502班,吴敏
202500774,2025-09-01,2029-07-01,汽车工程学院,能源与动力工程,能动2502班,吴敏
202500775,2025-09-01,2029-07-01,汽车工程学院,能源与动力工程,能动2502班,吴敏
202500776,2025-09-01,2029-07-01,汽车工程学院,能源与动力工程,能动2502班,吴敏
202500777,2025-09-01,2029-07-01,汽车工程学院,能源与动力工程,能动2502班,吴敏
202500778,2025-09-01,2029-07-01,汽车工程学院,能源与动力工程,能动2502班,吴敏
202500779,2025-09-01,2029-07-01,汽车工程学院,能源与动力工程,能动2502班,吴敏
202500780,2025-09-01,2029-07-01,汽车工程学院,能源与动力工程,能动2502班,吴敏
202500781,2025-09-01,2029-07-01,汽车工程学院,能源与动力工程,能动2502班,吴敏
202500782,2025-09-01,2029-07-01,汽车工程学院,能源与动力工程,能动2502班,吴敏
202500783,2025-09-01,2029-07-01,汽车工程学院,能源与动力工程,能动2502班,吴敏
202500784,2025-09-01,2029-07-01,汽车工程学院,能源与动力工程,能动2502班,吴敏
202500785,2025-09-01,2029-07-01,汽车工程学院,能源与动力工程,能动2502班,吴敏
202500786,2025-09-01,2029-07-01,汽车工程学院,能源与动力工程,能动2502班,吴敏
202500787,2025-09-01,2029-07-01,汽车工程学院,能源与动力工程,能动2502班,吴敏
202500788,2025-09-01,2029-07-01,汽车工程学院,能源与动力工程,能动2502班,吴敏
202500789,2025-09-01,2029-07-01,汽车工程学院,能源与动力工程,能动2502班,吴敏
202500790,2025-09-01,2029-07-01,汽车工程学院,能源与动力工程,能动2502班,吴敏
202500791,2025-09-01,2029-07-01,汽车工程学院,能源与动力工程,能动2502班,吴敏
202500792,2025-09-01,2029-07-01,汽车工程学院,能源与动力工程,能动2502班,吴敏
202500793,2025-09-01,2029-07-01,汽车工程学院,能源与动力工程,能动2502班,吴敏
202500794,2025-09-01,2029-07-01,汽车工程学院,能源与动力工程,能动2502班,吴敏
202500795,2025-09-01,2029-07-01,汽车工程学院,能源与动力工程,能动2502班,吴敏
202500796,2025-09-01,2029-07-01,汽车工程学院,能源与动力工程,能动2502班,吴敏
202500797,2025-09-01,2029-07-01,汽车工程学院,能源与动力工程,能动2502班,吴敏
202500798,2025-09-01,2029-07-01,汽车工程学院,能源与动力工程,能动2502班,吴敏
202500799,2025-09-01,2029-07-01,汽车工程学院,能源与动力工程,能动2502班,吴敏
202500800,2025-09-01,2029-07-01,汽车工程学院,能源与动力工程,能动2502班,吴敏
202500801,2025-09-01,2029-07-01,汽车工程学院,能源与动力工程,能动2502班,吴敏
202500802,2025-09-01,2029-07-01,汽车工程学院,能源与动力工程,能动2502班,吴敏
202500803,2025-09-01,2029-07-01,汽车工程学院,能源与动力工程,能动2502班,吴敏
202500804,2025-09-01,2029-07-01,汽车工程学院,能源与动力工程,能动2502班,吴敏
202500805,2025-09-01,2029-07-01,汽车工程学院,机械设计制造及其自动化,机电2501班,杨光辉
202500806,2025-09-01,2029-07-01,汽车工程学院,机械设计制造及其自动化,机电2501班,杨光辉
202500807,2025-09-01,2029-07-01,汽车工程学院,机械设计制造及其自动化,机电2501班,杨光辉
202500808,2025-09-01,2029-07-01,汽车工程学院,机械设计制造及其自动化,机电2501班,杨光辉
202500809,2025-09-01,2029-07-01,汽车工程学院,机械设计制造及其自动化,机电2501班,杨光辉
202500810,2025-09-01,2029-07-01,汽车工程学院,机械设计制造及其自动化,机电2501班,杨光辉
202500811,2025-09-01,2029-07-01,汽车工程学院,机械设计制造及其自动化,机电2501班,杨光辉
202500812,2025-09-01,2029-07-01,汽车工程学院,机械设计制造及其自动化,机电2501班,杨光辉
202500813,2025-09-01,2029-07-01,汽车工程学院,机械设计制造及其自动化,机电2501班,杨光辉
202500814,2025-09-01,2029-07-01,汽车工程学院,机械设计制造及其自动化,机电2501班,杨光辉
202500815,2025-09-01,2029-07-01,汽车工程学院,机械设计制造及其自动化,机电2501班,杨光辉
202500816,2025-09-01,2029-07-01,汽车工程学院,机械设计制造及其自动化,机电2501班,杨光辉
202500817,2025-09-01,2029-07-01,汽车工程学院,机械设计制造及其自动化,机电2501班,杨光辉
202500818,2025-09-01,2029-07-01,汽车工程学院,机械设计制造及其自动化,机电2501班,杨光辉
202500819,2025-09-01,2029-07-01,汽车工程学院,机械设计制造及其自动化,机电2501班,杨光辉
202500820,2025-09-01,2029-07-01,汽车工程学院,机械设计制造及其自动化,机电2501班,杨光辉
202500821,2025-09-01,2029-07-01,汽车工程学院,机械设计制造及其自动化,机电2501班,杨光辉
202500822,2025-09-01,2029-07-01,汽车工程学院,机械设计制造及其自动化,机电2501班,杨光辉
202500823,2025-09-01,2029-07-01,汽车工程学院,机械设计制造及其自动化,机电2501班,杨光辉
202500824,2025-09-01,2029-07-01,汽车工程学院,机械设计制造及其自动化,机电2501班,杨光辉
202500825,2025-09-01,2029-07-01,汽车工程学院,机械设计制造及其自动化,机电2501班,杨光辉
202500826,2025-09-01,2029-07-01,汽车工程学院,机械设计制造及其自动化,机电2501班,杨光辉
202500827,2025-09-01,2029-07-01,汽车工程学院,机械设计制造及其自动化,机电2501班,杨光辉
202500828,2025-09-01,2029-07-01,汽车工程学院,机械设计制造及其自动化,机电2501班,杨光辉
202500829,2025-09-01,2029-07-01,汽车工程学院,机械设计制造及其自动化,机电2501班,杨光辉
202500830,2025-09-01,2029-07-01,汽车工程学院,机械设计制造及其自动化,机电2501班,杨光辉
202500831,2025-09-01,2029-07-01,汽车工程学院,机械设计制造及其自动化,机电2501班,杨光辉
202500832,2025-09-01,2029-07-01,汽车工程学院,机械设计制造及其自动化,机电2501班,杨光辉
202500833,2025-09-01,2029-07-01,汽车工程学院,机械设计制造及其自动化,机电2501班,杨光辉
202500834,2025-09-01,2029-07-01,汽车工程学院,机械设计制造及其自动化,机电2501班,杨光辉
202500835,2025-09-01,2029-07-01,汽车工程学院,机械设计制造及其自动化,机电2501班,杨光辉
202500836,2025-09-01,2029-07-01,汽车工程学院,机械设计制造及其自动化,机电2501班,杨光辉
202500837,2025-09-01,2029-07-01,汽车工程学院,机械设计制造及其自动化,机电2501班,杨光辉
202500838,2025-09-01,2029-07-01,汽车工程学院,机械设计制造及其自动化,机电2502班,杨光辉
202500839,2025-09-01,2029-07-01,汽车工程学院,机械设计制造及其自动化,机电2502班,杨光辉
202500840,2025-09-01,2029-07-01,汽车工程学院,机械设计制造及其自动化,机电2502班,杨光辉
202500841,2025-09-01,2029-07-01,汽车工程学院,机械设计制造及其自动化,机电2502班,杨光辉
202500842,2025-09-01,2029-07-01,汽车工程学院,机械设计制造及其自动化,机电2502班,杨光辉
202500843,2025-09-01,2029-07-01,汽车工程学院,机械设计制造及其自动化,机电2502班,杨光辉
202500844,2025-09-01,2029-07-01,汽车工程学院,机械设计制造及其自动化,机电2502班,杨光辉
202500845,2025-09-01,2029-07-01,汽车工程学院,机械设计制造及其自动化,机电2502班,杨光辉
202500846,2025-09-01,2029-07-01,汽车工程学院,机械设计制造及其自动化,机电2502班,杨光辉
202500847,2025-09-01,2029-07-01,汽车工程学院,机械设计制造及其自动化,机电2502班,杨光辉
202500848,2025-09-01,2029-07-01,汽车工程学院,机械设计制造及其自动化,机电2502班,杨光辉
202500849,2025-09-01,2029-07-01,汽车工程学院,机械设计制造及其自动化,机电2502班,杨光辉
202500850,2025-09-01,2029-07-01,汽车工程学院,机械设计制造及其自动化,机电2502班,杨光辉
202500851,2025-09-01,2029-07-01,汽车工程学院,机械设计制造及其自动化,机电2502班,杨光辉
202500852,2025-09-01,2029-07-01,汽车工程学院,机械设计制造及其自动化,机电2502班,杨光辉
202500853,2025-09-01,2029-07-01,汽车工程学院,机械设计制造及其自动化,机电2502班,杨光辉
202500854,2025-09-01,2029-07-01,汽车工程学院,机械设计制造及其自动化,机电2502班,杨光辉
202500855,2025-09-01,2029-07-01,汽车工程学院,机械设计制造及其自动化,机电2502班,杨光辉
202500856,2025-09-01,2029-07-01,汽车工程学院,机械设计制造及其自动化,机电2502班,杨光辉
202500857,2025-09-01,2029-07-01,汽车工程学院,机械设计制造及其自动化,机电2502班,杨光辉
202500858,2025-09-01,2029-07-01,汽车工程学院,机械设计制造及其自动化,机电2502班,杨光辉
202500859,2025-09-01,2029-07-01,汽车工程学院,机械设计制造及其自动化,机电2502班,杨光辉
202500860,2025-09-01,2029-07-01,汽车工程学院,机械设计制造及其自动化,机电2502班,杨光辉
202500861,2025-09-01,2029-07-01,汽车工程学院,机械设计制造及其自动化,机电2502班,杨光辉
202500862,2025-09-01,2029-07-01,汽车工程学院,机械设计制造及其自动化,机电2502班,杨光辉
202500863,2025-09-01,2029-07-01,汽车工程学院,机械设计制造及其自动化,机电2502班,杨光辉
202500864,2025-09-01,2029-07-01,汽车工程学院,机械设计制造及其自动化,机电2502班,杨光辉
202500865,2025-09-01,2029-07-01,汽车工程学院,机械设计制造及其自动化,机电2502班,杨光辉
202500866,2025-09-01,2029-07-01,汽车工程学院,机械设计制造及其自动化,机电2502班,杨光辉
202500867,2025-09-01,2029-07-01,汽车工程学院,机械设计制造及其自动化,机电2502班,杨光辉
202500868,2025-09-01,2029-07-01,汽车工程学院,机械设计制造及其自动化,机电2502班,杨光辉
202500869,2025-09-01,2029-07-01,汽车工程学院,机械设计制造及其自动化,机电2502班,杨光辉
202500870,2025-09-01,2029-07-01,汽车工程学院,机械设计制造及其自动化,机电2502班,杨光辉
202500871,2025-09-01,2029-07-01,汽车工程学院,交通运输,交通2501班,蒋明辉
202500872,2025-09-01,2029-07-01,汽车工程学院,交通运输,交通2501班,蒋明辉
202500873,2025-09-01,2029-07-01,汽车工程学院,交通运输,交通2501班,蒋明辉
202500874,2025-09-01,2029-07-01,汽车工程学院,交通运输,交通2501班,蒋明辉
202500875,2025-09-01,2029-07-01,汽车工程学院,交通运输,交通2501班,蒋明辉
202500876,2025-09-01,2029-07-01,汽车工程学院,交通运输,交通2501班,蒋明辉
202500877,2025-09-01,2029-07-01,汽车工程学院,交通运输,交通2501班,蒋明辉
202500878,2025-09-01,2029-07-01,汽车工程学院,交通运输,交通2501班,蒋明辉
202500879,2025-09-01,2029-07-01,汽车工程学院,交通运输,交通2501班,蒋明辉
202500880,2025-09-01,2029-07-01,汽车工程学院,交通运输,交通2501班,蒋明辉
202500881,2025-09-01,2029-07-01,汽车工程学院,交通运输,交通2501班,蒋明辉
202500882,2025-09-01,2029-07-01,汽车工程学院,交通运输,交通2501班,蒋明辉
202500883,2025-09-01,2029-07-01,汽车工程学院,交通运输,交通2501班,蒋明辉
202500884,2025-09-01,2029-07-01,汽车工程学院,交通运输,交通2501班,蒋明辉
202500885,2025-09-01,2029-07-01,汽车工程学院,交通运输,交通2501班,蒋明辉
202500886,2025-09-01,2029-07-01,汽车工程学院,交通运输,交通2501班,蒋明辉
202500887,2025-09-01,2029-07-01,汽车工程学院,交通运输,交通2501班,蒋明辉
202500888,2025-09-01,2029-07-01,汽车工程学院,交通运输,交通2501班,蒋明辉
202500889,2025-09-01,2029-07-01,汽车工程学院,交通运输,交通2501班,蒋明辉
202500890,2025-09-01,2029-07-01,汽车工程学院,交通运输,交通2501班,蒋明辉
202500891,2025-09-01,2029-07-01,汽车工程学院,交通运输,交通2501班,蒋明辉
202500892,2025-09-01,2029-07-01,汽车工程学院,交通运输,交通2501班,蒋明辉
202500893,2025-09-01,2029-07-01,汽车工程学院,交通运输,交通2501班,蒋明辉
202500894,2025-09-01,2029-07-01,汽车工程学院,交通运输,交通2501班,蒋明辉
202500895,2025-09-01,2029-07-01,汽车工程学院,交通运输,交通2501班,蒋明辉
202500896,2025-09-01,2029-07-01,汽车工程学院,交通运输,交通2501班,蒋明辉
202500897,2025-09-01,2029-07-01,汽车工程学院,交通运输,交通2501班,蒋明辉
202500898,2025-09-01,2029-07-01,汽车工程学院,交通运输,交通2501班,蒋明辉
202500899,2025-09-01,2029-07-01,汽车工程学院,交通运输,交通2501班,蒋明辉
202500900,2025-09-01,2029-07-01,汽车工程学院,交通运输,交通2501班,蒋明辉
202600901,2026-09-01,2030-07-01,汽车工程学院,车辆工程,车辆2601班,赵倩
202600902,2026-09-01,2030-07-01,汽车工程学院,车辆工程,车辆2601班,赵倩
202600903,2026-09-01,2030-07-01,汽车工程学院,车辆工程,车辆2601班,赵倩
202600904,2026-09-01,2030-07-01,汽车工程学院,车辆工程,车辆2601班,赵倩
202600905,2026-09-01,2030-07-01,汽车工程学院,车辆工程,车辆2601班,赵倩
202600906,2026-09-01,2030-07-01,汽车工程学院,车辆工程,车辆2601班,赵倩
202600907,2026-09-01,2030-07-01,汽车工程学院,车辆工程,车辆2601班,赵倩
202600908,2026-09-01,2030-07-01,汽车工程学院,车辆工程,车辆2601班,赵倩
202600909,2026-09-01,2030-07-01,汽车工程学院,车辆工程,车辆2601班,赵倩
202600910,2026-09-01,2030-07-01,汽车工程学院,车辆工程,车辆2601班,赵倩
202600911,2026-09-01,2030-07-01,汽车工程学院,车辆工程,车辆2601班,赵倩
202600912,2026-09-01,2030-07-01,汽车工程学院,车辆工程,车辆2601班,赵倩
202600913,2026-09-01,2030-07-01,汽车工程学院,车辆工程,车辆2601班,赵倩
202600914,2026-09-01,2030-07-01,汽车工程学院,车辆工程,车辆2601班,赵倩
202600915,2026-09-01,2030-07-01,汽车工程学院,车辆工程,车辆2601班,赵倩
202600916,2026-09-01,2030-07-01,汽车工程学院,车辆工程,车辆2601班,赵倩
202600917,2026-09-01,2030-07-01,汽车工程学院,车辆工程,车辆2601班,赵倩
202600918,2026-09-01,2030-07-01,汽车工程学院,车辆工程,车辆2601班,赵倩
202600919,2026-09-01,2030-07-01,汽车工程学院,车辆工程,车辆2601班,赵倩
202600920,2026-09-01,2030-07-01,汽车工程学院,车辆工程,车辆2601班,赵倩
202600921,2026-09-01,2030-07-01,汽车工程学院,车辆工程,车辆2601班,赵倩
202600922,2026-09-01,2030-07-01,汽车工程学院,车辆工程,车辆2601班,赵倩
202600923,2026-09-01,2030-07-01,汽车工程学院,车辆工程,车辆2601班,赵倩
202600924,2026-09-01,2030-07-01,汽车工程学院,车辆工程,车辆2601班,赵倩
202600925,2026-09-01,2030-07-01,汽车工程学院,车辆工程,车辆2601班,赵倩
202600926,2026-09-01,2030-07-01,汽车工程学院,车辆工程,车辆2601班,赵倩
202600927,2026-09-01,2030-07-01,汽车工程学院,车辆工程,车辆2601班,赵倩
202600928,2026-09-01,2030-07-01,汽车工程学院,车辆工程,车辆2601班,赵倩
202600929,2026-09-01,2030-07-01,汽车工程学院,车辆工程,车辆2601班,赵倩
202600930,2026-09-01,2030-07-01,汽车工程学院,车辆工程,车辆2601班,赵倩
202600931,2026-09-01,2030-07-01,汽车工程学院,车辆工程,车辆2601班,赵倩
202600932,2026-09-01,2030-07-01,汽车工程学院,车辆工程,车辆2601班,赵倩
202600933,2026-09-01,2030-07-01,汽车工程学院,车辆工程,车辆2601班,赵倩
202600934,2026-09-01,2030-07-01,汽车工程学院,车辆工程,车辆2601班,赵倩
202600935,2026-09-01,2030-07-01,汽车工程学院,车辆工程,车辆2602班,赵倩
202600936,2026-09-01,2030-07-01,汽车工程学院,车辆工程,车辆2602班,赵倩
202600937,2026-09-01,2030-07-01,汽车工程学院,车辆工程,车辆2602班,赵倩
202600938,2026-09-01,2030-07-01,汽车工程学院,车辆工程,车辆2602班,赵倩
202600939,2026-09-01,2030-07-01,汽车工程学院,车辆工程,车辆2602班,赵倩
202600940,2026-09-01,2030-07-01,汽车工程学院,车辆工程,车辆2602班,赵倩
202600941,2026-09-01,2030-07-01,汽车工程学院,车辆工程,车辆2602班,赵倩
202600942,2026-09-01,2030-07-01,汽车工程学院,车辆工程,车辆2602班,赵倩
202600943,2026-09-01,2030-07-01,汽车工程学院,车辆工程,车辆2602班,赵倩
202600944,2026-09-01,2030-07-01,汽车工程学院,车辆工程,车辆2602班,赵倩
202600945,2026-09-01,2030-07-01,汽车工程学院,车辆工程,车辆2602班,赵倩
202600946,2026-09-01,2030-07-01,汽车工程学院,车辆工程,车辆2602班,赵倩
202600947,2026-09-01,2030-07-01,汽车工程学院,车辆工程,车辆2602班,赵倩
202600948,2026-09-01,2030-07-01,汽车工程学院,车辆工程,车辆2602班,赵倩
202600949,2026-09-01,2030-07-01,汽车工程学院,车辆工程,车辆2602班,赵倩
202600950,2026-09-01,2030-07-01,汽车工程学院,车辆工程,车辆2602班,赵倩
202600951,2026-09-01,2030-07-01,汽车工程学院,车辆工程,车辆2602班,赵倩
202600952,2026-09-01,2030-07-01,汽车工程学院,车辆工程,车辆2602班,赵倩
202600953,2026-09-01,2030-07-01,汽车工程学院,车辆工程,车辆2602班,赵倩
202600954,2026-09-01,2030-07-01,汽车工程学院,车辆工程,车辆2602班,赵倩
202600955,2026-09-01,2030-07-01,汽车工程学院,车辆工程,车辆2602班,赵倩
202600956,2026-09-01,2030-07-01,汽车工程学院,车辆工程,车辆2602班,赵倩
202600957,2026-09-01,2030-07-01,汽车工程学院,车辆工程,车辆2602班,赵倩
202600958,2026-09-01,2030-07-01,汽车工程学院,车辆工程,车辆2602班,赵倩
202600959,2026-09-01,2030-07-01,汽车工程学院,车辆工程,车辆2602班,赵倩
202600960,2026-09-01,2030-07-01,汽车工程学院,车辆工程,车辆2602班,赵倩
202600961,2026-09-01,2030-07-01,汽车工程学院,车辆工程,车辆2602班,赵倩
202600962,2026-09-01,2030-07-01,汽车工程学院,车辆工程,车辆2602班,赵倩
202600963,2026-09-01,2030-07-01,汽车工程学院,车辆工程,车辆2602班,赵倩
202600964,2026-09-01,2030-07-01,汽车工程学院,车辆工程,车辆2602班,赵倩
202600965,2026-09-01,2030-07-01,汽车工程学院,车辆工程,车辆2602班,赵倩
202600966,2026-09-01,2030-07-01,汽车工程学院,车辆工程,车辆2602班,赵倩
202600967,2026-09-01,2030-07-01,汽车工程学院,车辆工程,车辆2602班,赵倩
202600968,2026-09-01,2030-07-01,汽车工程学院,车辆工程,车辆2602班,赵倩
202600969,2026-09-01,2030-07-01,汽车工程学院,车辆工程,车辆2603班,赵倩
202600970,2026-09-01,2030-07-01,汽车工程学院,车辆工程,车辆2603班,赵倩
202600971,2026-09-01,2030-07-01,汽车工程学院,车辆工程,车辆2603班,赵倩
202600972,2026-09-01,2030-07-01,汽车工程学院,车辆工程,车辆2603班,赵倩
202600973,2026-09-01,2030-07-01,汽车工程学院,车辆工程,车辆2603班,赵倩
202600974,2026-09-01,2030-07-01,汽车工程学院,车辆工程,车辆2603班,赵倩
202600975,2026-09-01,2030-07-01,汽车工程学院,车辆工程,车辆2603班,赵倩
202600976,2026-09-01,2030-07-01,汽车工程学院,车辆工程,车辆2603班,赵倩
202600977,2026-09-01,2030-07-01,汽车工程学院,车辆工程,车辆2603班,赵倩
202600978,2026-09-01,2030-07-01,汽车工程学院,车辆工程,车辆2603班,赵倩
202600979,2026-09-01,2030-07-01,汽车工程学院,车辆工程,车辆2603班,赵倩
202600980,2026-09-01,2030-07-01,汽车工程学院,车辆工程,车辆2603班,赵倩
202600981,2026-09-01,2030-07-01,汽车工程学院,车辆工程,车辆2603班,赵倩
202600982,2026-09-01,2030-07-01,汽车工程学院,车辆工程,车辆2603班,赵倩
202600983,2026-09-01,2030-07-01,汽车工程学院,车辆工程,车辆2603班,赵倩
202600984,2026-09-01,2030-07-01,汽车工程学院,车辆工程,车辆2603班,赵倩
202600985,2026-09-01,2030-07-01,汽车工程学院,车辆工程,车辆2603班,赵倩
202600986,2026-09-01,2030-07-01,汽车工程学院,车辆工程,车辆2603班,赵倩
202600987,2026-09-01,2030-07-01,汽车工程学院,车辆工程,车辆2603班,赵倩
202600988,2026-09-01,2030-07-01,汽车工程学院,车辆工程,车辆2603班,赵倩
202600989,2026-09-01,2030-07-01,汽车工程学院,车辆工程,车辆2603班,赵倩
202600990,2026-09-01,2030-07-01,汽车工程学院,车辆工程,车辆2603班,赵倩
202600991,2026-09-01,2030-07-01,汽车工程学院,车辆工程,车辆2603班,赵倩
202600992,2026-09-01,2030-07-01,汽车工程学院,车辆工程,车辆2603班,赵倩
202600993,2026-09-01,2030-07-01,汽车工程学院,车辆工程,车辆2603班,赵倩
202600994,2026-09-01,2030-07-01,汽车工程学院,车辆工程,车辆2603班,赵倩
202600995,2026-09-01,2030-07-01,汽车工程学院,车辆工程,车辆2603班,赵倩
202600996,2026-09-01,2030-07-01,汽车工程学院,车辆工程,车辆2603班,赵倩
202600997,2026-09-01,2030-07-01,汽车工程学院,车辆工程,车辆2603班,赵倩
202600998,2026-09-01,2030-07-01,汽车工程学院,车辆工程,车辆2603班,赵倩
202600999,2026-09-01,2030-07-01,汽车工程学院,车辆工程,车辆2603班,赵倩
202601000,2026-09-01,2030-07-01,汽车工程学院,车辆工程,车辆2603班,赵倩
202601001,2026-09-01,2030-07-01,汽车工程学院,车辆工程,车辆2603班,赵倩
202601002,2026-09-01,2030-07-01,汽车工程学院,车辆工程,车辆2603班,赵倩
202601003,2026-09-01,2030-07-01,汽车工程学院,车辆工程,车辆2604班,赵倩
202601004,2026-09-01,2030-07-01,汽车工程学院,车辆工程,车辆2604班,赵倩
202601005,2026-09-01,2030-07-01,汽车工程学院,车辆工程,车辆2604班,赵倩
202601006,2026-09-01,2030-07-01,汽车工程学院,车辆工程,车辆2604班,赵倩
202601007,2026-09-01,2030-07-01,汽车工程学院,车辆工程,车辆2604班,赵倩
202601008,2026-09-01,2030-07-01,汽车工程学院,车辆工程,车辆2604班,赵倩
202601009,2026-09-01,2030-07-01,汽车工程学院,车辆工程,车辆2604班,赵倩
202601010,2026-09-01,2030-07-01,汽车工程学院,车辆工程,车辆2604班,赵倩
202601011,2026-09-01,2030-07-01,汽车工程学院,车辆工程,车辆2604班,赵倩
202601012,2026-09-01,2030-07-01,汽车工程学院,车辆工程,车辆2604班,赵倩
202601013,2026-09-01,2030-07-01,汽车工程学院,车辆工程,车辆2604班,赵倩
202601014,2026-09-01,2030-07-01,汽车工程学院,车辆工程,车辆2604班,赵倩
202601015,2026-09-01,2030-07-01,汽车工程学院,车辆工程,车辆2604班,赵倩
202601016,2026-09-01,2030-07-01,汽车工程学院,车辆工程,车辆2604班,赵倩
202601017,2026-09-01,2030-07-01,汽车工程学院,车辆工程,车辆2604班,赵倩
202601018,2026-09-01,2030-07-01,汽车工程学院,车辆工程,车辆2604班,赵倩
202601019,2026-09-01,2030-07-01,汽车工程学院,车辆工程,车辆2604班,赵倩
202601020,2026-09-01,2030-07-01,汽车工程学院,车辆工程,车辆2604班,赵倩
202601021,2026-09-01,2030-07-01,汽车工程学院,车辆工程,车辆2604班,赵倩
202601022,2026-09-01,2030-07-01,汽车工程学院,车辆工程,车辆2604班,赵倩
202601023,2026-09-01,2030-07-01,汽车工程学院,车辆工程,车辆2604班,赵倩
202601024,2026-09-01,2030-07-01,汽车工程学院,车辆工程,车辆2604班,赵倩
202601025,2026-09-01,2030-07-01,汽车工程学院,车辆工程,车辆2604班,赵倩
202601026,2026-09-01,2030-07-01,汽车工程学院,车辆工程,车辆2604班,赵倩
202601027,2026-09-01,2030-07-01,汽车工程学院,车辆工程,车辆2604班,赵倩
202601028,2026-09-01,2030-07-01,汽车工程学院,车辆工程,车辆2604班,赵倩
202601029,2026-09-01,2030-07-01,汽车工程学院,车辆工程,车辆2604班,赵倩
202601030,2026-09-01,2030-07-01,汽车工程学院,车辆工程,车辆2604班,赵倩
202601031,2026-09-01,2030-07-01,汽车工程学院,车辆工程,车辆2604班,赵倩
202601032,2026-09-01,2030-07-01,汽车工程学院,车辆工程,车辆2604班,赵倩
202601033,2026-09-01,2030-07-01,汽车工程学院,车辆工程,车辆2604班,赵倩
202601034,2026-09-01,2030-07-01,汽车工程学院,车辆工程,车辆2604班,赵倩
202601035,2026-09-01,2030-07-01,汽车工程学院,车辆工程,车辆2604班,赵倩
202601036,2026-09-01,2030-07-01,汽车工程学院,车辆工程,车辆2604班,赵倩
202601037,2026-09-01,2030-07-01,汽车工程学院,能源与动力工程,能动2601班,郑立群
202601038,2026-09-01,2030-07-01,汽车工程学院,能源与动力工程,能动2601班,郑立群
202601039,2026-09-01,2030-07-01,汽车工程学院,能源与动力工程,能动2601班,郑立群
202601040,2026-09-01,2030-07-01,汽车工程学院,能源与动力工程,能动2601班,郑立群
202601041,2026-09-01,2030-07-01,汽车工程学院,能源与动力工程,能动2601班,郑立群
202601042,2026-09-01,2030-07-01,汽车工程学院,能源与动力工程,能动2601班,郑立群
202601043,2026-09-01,2030-07-01,汽车工程学院,能源与动力工程,能动2601班,郑立群
202601044,2026-09-01,2030-07-01,汽车工程学院,能源与动力工程,能动2601班,郑立群
202601045,2026-09-01,2030-07-01,汽车工程学院,能源与动力工程,能动2601班,郑立群
202601046,2026-09-01,2030-07-01,汽车工程学院,能源与动力工程,能动2601班,郑立群
202601047,2026-09-01,2030-07-01,汽车工程学院,能源与动力工程,能动2601班,郑立群
202601048,2026-09-01,2030-07-01,汽车工程学院,能源与动力工程,能动2601班,郑立群
202601049,2026-09-01,2030-07-01,汽车工程学院,能源与动力工程,能动2601班,郑立群
202601050,2026-09-01,2030-07-01,汽车工程学院,能源与动力工程,能动2601班,郑立群
202601051,2026-09-01,2030-07-01,汽车工程学院,能源与动力工程,能动2601班,郑立群
202601052,2026-09-01,2030-07-01,汽车工程学院,能源与动力工程,能动2601班,郑立群
202601053,2026-09-01,2030-07-01,汽车工程学院,能源与动力工程,能动2601班,郑立群
202601054,2026-09-01,2030-07-01,汽车工程学院,能源与动力工程,能动2601班,郑立群
202601055,2026-09-01,2030-07-01,汽车工程学院,能源与动力工程,能动2601班,郑立群
202601056,2026-09-01,2030-07-01,汽车工程学院,能源与动力工程,能动2601班,郑立群
202601057,2026-09-01,2030-07-01,汽车工程学院,能源与动力工程,能动2601班,郑立群
202601058,2026-09-01,2030-07-01,汽车工程学院,能源与动力工程,能动2601班,郑立群
202601059,2026-09-01,2030-07-01,汽车工程学院,能源与动力工程,能动2601班,郑立群
202601060,2026-09-01,2030-07-01,汽车工程学院,能源与动力工程,能动2601班,郑立群
202601061,2026-09-01,2030-07-01,汽车工程学院,能源与动力工程,能动2601班,郑立群
202601062,2026-09-01,2030-07-01,汽车工程学院,能源与动力工程,能动2601班,郑立群
202601063,2026-09-01,2030-07-01,汽车工程学院,能源与动力工程,能动2601班,郑立群
202601064,2026-09-01,2030-07-01,汽车工程学院,能源与动力工程,能动2601班,郑立群
202601065,2026-09-01,2030-07-01,汽车工程学院,能源与动力工程,能动2601班,郑立群
202601066,2026-09-01,2030-07-01,汽车工程学院,能源与动力工程,能动2601班,郑立群
202601067,2026-09-01,2030-07-01,汽车工程学院,能源与动力工程,能动2601班,郑立群
202601068,2026-09-01,2030-07-01,汽车工程学院,能源与动力工程,能动2601班,郑立群
202601069,2026-09-01,2030-07-01,汽车工程学院,能源与动力工程,能动2601班,郑立群
202601070,2026-09-01,2030-07-01,汽车工程学院,能源与动力工程,能动2601班,郑立群
202601071,2026-09-01,2030-07-01,汽车工程学院,能源与动力工程,能动2602班,郑立群
202601072,2026-09-01,2030-07-01,汽车工程学院,能源与动力工程,能动2602班,郑立群
202601073,2026-09-01,2030-07-01,汽车工程学院,能源与动力工程,能动2602班,郑立群
202601074,2026-09-01,2030-07-01,汽车工程学院,能源与动力工程,能动2602班,郑立群
202601075,2026-09-01,2030-07-01,汽车工程学院,能源与动力工程,能动2602班,郑立群
202601076,2026-09-01,2030-07-01,汽车工程学院,能源与动力工程,能动2602班,郑立群
202601077,2026-09-01,2030-07-01,汽车工程学院,能源与动力工程,能动2602班,郑立群
202601078,2026-09-01,2030-07-01,汽车工程学院,能源与动力工程,能动2602班,郑立群
202601079,2026-09-01,2030-07-01,汽车工程学院,能源与动力工程,能动2602班,郑立群
202601080,2026-09-01,2030-07-01,汽车工程学院,能源与动力工程,能动2602班,郑立群
202601081,2026-09-01,2030-07-01,汽车工程学院,能源与动力工程,能动2602班,郑立群
202601082,2026-09-01,2030-07-01,汽车工程学院,能源与动力工程,能动2602班,郑立群
202601083,2026-09-01,2030-07-01,汽车工程学院,能源与动力工程,能动2602班,郑立群
202601084,2026-09-01,2030-07-01,汽车工程学院,能源与动力工程,能动2602班,郑立群
202601085,2026-09-01,2030-07-01,汽车工程学院,能源与动力工程,能动2602班,郑立群
202601086,2026-09-01,2030-07-01,汽车工程学院,能源与动力工程,能动2602班,郑立群
202601087,2026-09-01,2030-07-01,汽车工程学院,能源与动力工程,能动2602班,郑立群
202601088,2026-09-01,2030-07-01,汽车工程学院,能源与动力工程,能动2602班,郑立群
202601089,2026-09-01,2030-07-01,汽车工程学院,能源与动力工程,能动2602班,郑立群
202601090,2026-09-01,2030-07-01,汽车工程学院,能源与动力工程,能动2602班,郑立群
202601091,2026-09-01,2030-07-01,汽车工程学院,能源与动力工程,能动2602班,郑立群
202601092,2026-09-01,2030-07-01,汽车工程学院,能源与动力工程,能动2602班,郑立群
202601093,2026-09-01,2030-07-01,汽车工程学院,能源与动力工程,能动2602班,郑立群
202601094,2026-09-01,2030-07-01,汽车工程学院,能源与动力工程,能动2602班,郑立群
202601095,2026-09-01,2030-07-01,汽车工程学院,能源与动力工程,能动2602班,郑立群
202601096,2026-09-01,2030-07-01,汽车工程学院,能源与动力工程,能动2602班,郑立群
202601097,2026-09-01,2030-07-01,汽车工程学院,能源与动力工程,能动2602班,郑立群
202601098,2026-09-01,2030-07-01,汽车工程学院,能源与动力工程,能动2602班,郑立群
202601099,2026-09-01,2030-07-01,汽车工程学院,能源与动力工程,能动2602班,郑立群
202601100,2026-09-01,2030-07-01,汽车工程学院,能源与动力工程,能动2602班,郑立群
202601101,2026-09-01,2030-07-01,汽车工程学院,能源与动力工程,能动2602班,郑立群
202601102,2026-09-01,2030-07-01,汽车工程学院,能源与动力工程,能动2602班,郑立群
202601103,2026-09-01,2030-07-01,汽车工程学院,能源与动力工程,能动2602班,郑立群
202601104,2026-09-01,2030-07-01,汽车工程学院,能源与动力工程,能动2602班,郑立群
202601105,2026-09-01,2030-07-01,汽车工程学院,机械设计制造及其自动化,机电2601班,冯晓梅
202601106,2026-09-01,2030-07-01,汽车工程学院,机械设计制造及其自动化,机电2601班,冯晓梅
202601107,2026-09-01,2030-07-01,汽车工程学院,机械设计制造及其自动化,机电2601班,冯晓梅
202601108,2026-09-01,2030-07-01,汽车工程学院,机械设计制造及其自动化,机电2601班,冯晓梅
202601109,2026-09-01,2030-07-01,汽车工程学院,机械设计制造及其自动化,机电2601班,冯晓梅
202601110,2026-09-01,2030-07-01,汽车工程学院,机械设计制造及其自动化,机电2601班,冯晓梅
202601111,2026-09-01,2030-07-01,汽车工程学院,机械设计制造及其自动化,机电2601班,冯晓梅
202601112,2026-09-01,2030-07-01,汽车工程学院,机械设计制造及其自动化,机电2601班,冯晓梅
202601113,2026-09-01,2030-07-01,汽车工程学院,机械设计制造及其自动化,机电2601班,冯晓梅
202601114,2026-09-01,2030-07-01,汽车工程学院,机械设计制造及其自动化,机电2601班,冯晓梅
202601115,2026-09-01,2030-07-01,汽车工程学院,机械设计制造及其自动化,机电2601班,冯晓梅
202601116,2026-09-01,2030-07-01,汽车工程学院,机械设计制造及其自动化,机电2601班,冯晓梅
202601117,2026-09-01,2030-07-01,汽车工程学院,机械设计制造及其自动化,机电2601班,冯晓梅
202601118,2026-09-01,2030-07-01,汽车工程学院,机械设计制造及其自动化,机电2601班,冯晓梅
202601119,2026-09-01,2030-07-01,汽车工程学院,机械设计制造及其自动化,机电2601班,冯晓梅
202601120,2026-09-01,2030-07-01,汽车工程学院,机械设计制造及其自动化,机电2601班,冯晓梅
202601121,2026-09-01,2030-07-01,汽车工程学院,机械设计制造及其自动化,机电2601班,冯晓梅
202601122,2026-09-01,2030-07-01,汽车工程学院,机械设计制造及其自动化,机电2601班,冯晓梅
202601123,2026-09-01,2030-07-01,汽车工程学院,机械设计制造及其自动化,机电2601班,冯晓梅
202601124,2026-09-01,2030-07-01,汽车工程学院,机械设计制造及其自动化,机电2601班,冯晓梅
202601125,2026-09-01,2030-07-01,汽车工程学院,机械设计制造及其自动化,机电2601班,冯晓梅
202601126,2026-09-01,2030-07-01,汽车工程学院,机械设计制造及其自动化,机电2601班,冯晓梅
202601127,2026-09-01,2030-07-01,汽车工程学院,机械设计制造及其自动化,机电2601班,冯晓梅
202601128,2026-09-01,2030-07-01,汽车工程学院,机械设计制造及其自动化,机电2601班,冯晓梅
202601129,2026-09-01,2030-07-01,汽车工程学院,机械设计制造及其自动化,机电2601班,冯晓梅
202601130,2026-09-01,2030-07-01,汽车工程学院,机械设计制造及其自动化,机电2601班,冯晓梅
202601131,2026-09-01,2030-07-01,汽车工程学院,机械设计制造及其自动化,机电2601班,冯晓梅
202601132,2026-09-01,2030-07-01,汽车工程学院,机械设计制造及其自动化,机电2601班,冯晓梅
202601133,2026-09-01,2030-07-01,汽车工程学院,机械设计制造及其自动化,机电2601班,冯晓梅
202601134,2026-09-01,2030-07-01,汽车工程学院,机械设计制造及其自动化,机电2601班,冯晓梅
202601135,2026-09-01,2030-07-01,汽车工程学院,机械设计制造及其自动化,机电2601班,冯晓梅
202601136,2026-09-01,2030-07-01,汽车工程学院,机械设计制造及其自动化,机电2601班,冯晓梅
202601137,2026-09-01,2030-07-01,汽车工程学院,机械设计制造及其自动化,机电2601班,冯晓梅
202601138,2026-09-01,2030-07-01,汽车工程学院,机械设计制造及其自动化,机电2602班,冯晓梅
202601139,2026-09-01,2030-07-01,汽车工程学院,机械设计制造及其自动化,机电2602班,冯晓梅
202601140,2026-09-01,2030-07-01,汽车工程学院,机械设计制造及其自动化,机电2602班,冯晓梅
202601141,2026-09-01,2030-07-01,汽车工程学院,机械设计制造及其自动化,机电2602班,冯晓梅
202601142,2026-09-01,2030-07-01,汽车工程学院,机械设计制造及其自动化,机电2602班,冯晓梅
202601143,2026-09-01,2030-07-01,汽车工程学院,机械设计制造及其自动化,机电2602班,冯晓梅
202601144,2026-09-01,2030-07-01,汽车工程学院,机械设计制造及其自动化,机电2602班,冯晓梅
202601145,2026-09-01,2030-07-01,汽车工程学院,机械设计制造及其自动化,机电2602班,冯晓梅
202601146,2026-09-01,2030-07-01,汽车工程学院,机械设计制造及其自动化,机电2602班,冯晓梅
202601147,2026-09-01,2030-07-01,汽车工程学院,机械设计制造及其自动化,机电2602班,冯晓梅
202601148,2026-09-01,2030-07-01,汽车工程学院,机械设计制造及其自动化,机电2602班,冯晓梅
202601149,2026-09-01,2030-07-01,汽车工程学院,机械设计制造及其自动化,机电2602班,冯晓梅
202601150,2026-09-01,2030-07-01,汽车工程学院,机械设计制造及其自动化,机电2602班,冯晓梅
202601151,2026-09-01,2030-07-01,汽车工程学院,机械设计制造及其自动化,机电2602班,冯晓梅
202601152,2026-09-01,2030-07-01,汽车工程学院,机械设计制造及其自动化,机电2602班,冯晓梅
202601153,2026-09-01,2030-07-01,汽车工程学院,机械设计制造及其自动化,机电2602班,冯晓梅
202601154,2026-09-01,2030-07-01,汽车工程学院,机械设计制造及其自动化,机电2602班,冯晓梅
202601155,2026-09-01,2030-07-01,汽车工程学院,机械设计制造及其自动化,机电2602班,冯晓梅
202601156,2026-09-01,2030-07-01,汽车工程学院,机械设计制造及其自动化,机电2602班,冯晓梅
202601157,2026-09-01,2030-07-01,汽车工程学院,机械设计制造及其自动化,机电2602班,冯晓梅
202601158,2026-09-01,2030-07-01,汽车工程学院,机械设计制造及其自动化,机电2602班,冯晓梅
202601159,2026-09-01,2030-07-01,汽车工程学院,机械设计制造及其自动化,机电2602班,冯晓梅
202601160,2026-09-01,2030-07-01,汽车工程学院,机械设计制造及其自动化,机电2602班,冯晓梅
202601161,2026-09-01,2030-07-01,汽车工程学院,机械设计制造及其自动化,机电2602班,冯晓梅
202601162,2026-09-01,2030-07-01,汽车工程学院,机械设计制造及其自动化,机电2602班,冯晓梅
202601163,2026-09-01,2030-07-01,汽车工程学院,机械设计制造及其自动化,机电2602班,冯晓梅
202601164,2026-09-01,2030-07-01,汽车工程学院,机械设计制造及其自动化,机电2602班,冯晓梅
202601165,2026-09-01,2030-07-01,汽车工程学院,机械设计制造及其自动化,机电2602班,冯晓梅
202601166,2026-09-01,2030-07-01,汽车工程学院,机械设计制造及其自动化,机电2602班,冯晓梅
202601167,2026-09-01,2030-07-01,汽车工程学院,机械设计制造及其自动化,机电2602班,冯晓梅
202601168,2026-09-01,2030-07-01,汽车工程学院,机械设计制造及其自动化,机电2602班,冯晓梅
202601169,2026-09-01,2030-07-01,汽车工程学院,机械设计制造及其自动化,机电2602班,冯晓梅
202601170,2026-09-01,2030-07-01,汽车工程学院,机械设计制造及其自动化,机电2602班,冯晓梅
202601171,2026-09-01,2030-07-01,汽车工程学院,交通运输,交通2601班,沈国栋
202601172,2026-09-01,2030-07-01,汽车工程学院,交通运输,交通2601班,沈国栋
202601173,2026-09-01,2030-07-01,汽车工程学院,交通运输,交通2601班,沈国栋
202601174,2026-09-01,2030-07-01,汽车工程学院,交通运输,交通2601班,沈国栋
202601175,2026-09-01,2030-07-01,汽车工程学院,交通运输,交通2601班,沈国栋
202601176,2026-09-01,2030-07-01,汽车工程学院,交通运输,交通2601班,沈国栋
202601177,2026-09-01,2030-07-01,汽车工程学院,交通运输,交通2601班,沈国栋
202601178,2026-09-01,2030-07-01,汽车工程学院,交通运输,交通2601班,沈国栋
202601179,2026-09-01,2030-07-01,汽车工程学院,交通运输,交通2601班,沈国栋
202601180,2026-09-01,2030-07-01,汽车工程学院,交通运输,交通2601班,沈国栋
202601181,2026-09-01,2030-07-01,汽车工程学院,交通运输,交通2601班,沈国栋
202601182,2026-09-01,2030-07-01,汽车工程学院,交通运输,交通2601班,沈国栋
202601183,2026-09-01,2030-07-01,汽车工程学院,交通运输,交通2601班,沈国栋
202601184,2026-09-01,2030-07-01,汽车工程学院,交通运输,交通2601班,沈国栋
202601185,2026-09-01,2030-07-01,汽车工程学院,交通运输,交通2601班,沈国栋
202601186,2026-09-01,2030-07-01,汽车工程学院,交通运输,交通2601班,沈国栋
202601187,2026-09-01,2030-07-01,汽车工程学院,交通运输,交通2601班,沈国栋
202601188,2026-09-01,2030-07-01,汽车工程学院,交通运输,交通2601班,沈国栋
202601189,2026-09-01,2030-07-01,汽车工程学院,交通运输,交通2601班,沈国栋
202601190,2026-09-01,2030-07-01,汽车工程学院,交通运输,交通2601班,沈国栋
202601191,2026-09-01,2030-07-01,汽车工程学院,交通运输,交通2601班,沈国栋
202601192,2026-09-01,2030-07-01,汽车工程学院,交通运输,交通2601班,沈国栋
202601193,2026-09-01,2030-07-01,汽车工程学院,交通运输,交通2601班,沈国栋
202601194,2026-09-01,2030-07-01,汽车工程学院,交通运输,交通2601班,沈国栋
202601195,2026-09-01,2030-07-01,汽车工程学院,交通运输,交通2601班,沈国栋
202601196,2026-09-01,2030-07-01,汽车工程学院,交通运输,交通2601班,沈国栋
202601197,2026-09-01,2030-07-01,汽车工程学院,交通运输,交通2601班,沈国栋
202601198,2026-09-01,2030-07-01,汽车工程学院,交通运输,交通2601班,沈国栋
202601199,2026-09-01,2030-07-01,汽车工程学院,交通运输,交通2601班,沈国栋
202601200,2026-09-01,2030-07-01,汽车工程学院,交通运输,交通2601班,沈国栋
