学号,荣誉名称,级别,授予单位,获得日期,状态,审核人,审核意见
202300001,校二等奖学金,校级,校团委,2025-04-05,通过,李文静,符合认定条件，通过
202300001,校二等奖学金,校级,汽车工程学院,2023-05-16,通过,李文静,符合认定条件，通过
202300002,国家奖学金,国家级,汽车工程学院,2024-01-28,通过,李文静,材料齐全，同意认定
202300002,国家奖学金,国家级,学生工作处,2026-01-19,待审核,,
202300003,社会实践先进个人,校级,校团委,2023-11-25,通过,李文静,佐证材料完整，予以通过
202300003,校三好学生,校级,汽车工程学院,2025-07-21,待院长审批,李文静,初审通过，转院长审批
202300004,社会实践先进个人,校级,校团委,2026-01-12,通过,李文静,佐证材料完整，予以通过
202300004,校三等奖学金,校级,学生工作处,2023-10-01,通过,李文静,材料齐全，同意认定
202300005,优秀共青团员,校级,汽车工程学院,2025-08-16,通过,李文静,材料齐全，同意认定
202300005,社会实践先进个人,校级,汽车工程学院,2023-02-18,通过,李文静,材料齐全，同意认定
202300006,校优秀学生干部,校级,校团委,2026-07-24,通过,李文静,材料齐全，同意认定
202300006,国家励志奖学金,国家级,学校,2023-12-27,待审核,,
202300007,优秀共青团干部,校级,学生工作处,2025-11-22,通过,李文静,佐证材料完整，予以通过
202300007,军训优秀学员,院级,校团委,2025-08-28,通过,李文静,材料齐全，同意认定
202300008,校一等奖学金,校级,学生工作处,2023-02-13,通过,李文静,材料齐全，同意认定
202300008,校园十佳志愿者,校级,校团委,2024-10-20,通过,李文静,佐证材料完整，予以通过
202300009,军训优秀学员,院级,校团委,2026-02-27,通过,李文静,佐证材料完整，予以通过
202300009,校二等奖学金,校级,校团委,2023-09-28,通过,李文静,材料齐全，同意认定
202300010,社会实践先进个人,校级,学生工作处,2026-05-15,通过,李文静,符合认定条件，通过
202300010,校一等奖学金,校级,汽车工程学院,2024-10-12,通过,李文静,材料齐全，同意认定
202300011,社会实践先进个人,校级,学校,2023-07-06,通过,李文静,材料齐全，同意认定
202300011,校三好学生,校级,学生工作处,2026-05-28,通过,李文静,佐证材料完整，予以通过
202300012,校优秀学生干部,校级,学校,2024-06-15,通过,李文静,符合认定条件，通过
202300012,国家奖学金,国家级,学校,2023-03-06,通过,李文静,材料齐全，同意认定
202300013,国家励志奖学金,国家级,学校,2023-05-06,通过,李文静,符合认定条件，通过
202300013,社会实践先进个人,校级,学生工作处,2025-03-07,通过,李文静,材料齐全，同意认定
202300014,国家奖学金,国家级,学生工作处,2024-09-01,通过,李文静,材料齐全，同意认定
202300014,国家励志奖学金,国家级,学校,2023-05-15,通过,李文静,佐证材料完整，予以通过
202300015,国家奖学金,国家级,学校,2023-08-24,待院长审批,李文静,初审通过，转院长审批
202300015,优秀共青团干部,校级,汽车工程学院,2024-07-26,通过,李文静,符合认定条件，通过
202300016,校园十佳志愿者,校级,汽车工程学院,2025-01-26,通过,李文静,佐证材料完整，予以通过
202300016,国家奖学金,国家级,汽车工程学院,2025-04-27,通过,李文静,佐证材料完整，予以通过
202300017,优秀共青团员,校级,学校,2025-07-12,通过,李文静,符合认定条件，通过
202300017,优秀共青团员,校级,汽车工程学院,2025-11-11,通过,李文静,符合认定条件，通过
202300018,国家励志奖学金,国家级,学生工作处,2024-02-17,通过,李文静,佐证材料完整，予以通过
202300018,优秀共青团员,校级,学校,2025-01-23,通过,李文静,符合认定条件，通过
202300019,校二等奖学金,校级,校团委,2026-03-09,通过,李文静,符合认定条件，通过
202300019,校二等奖学金,校级,校团委,2026-05-10,通过,李文静,符合认定条件，通过
202300020,校三好学生,校级,校团委,2024-11-26,通过,李文静,符合认定条件，通过
202300020,国家励志奖学金,国家级,校团委,2025-11-24,通过,李文静,符合认定条件，通过
202300021,校三好学生,校级,学生工作处,2025-02-19,待审核,,
202300021,校园十佳志愿者,校级,学校,2023-11-03,待审核,,
202300022,校三好学生,校级,汽车工程学院,2025-01-13,待审核,,
202300022,校一等奖学金,校级,汽车工程学院,2024-02-24,通过,李文静,材料齐全，同意认定
202300023,优秀共青团员,校级,汽车工程学院,2025-04-12,通过,李文静,佐证材料完整，予以通过
202300023,校三等奖学金,校级,学校,2025-06-15,通过,李文静,材料齐全，同意认定
202300024,校三等奖学金,校级,学生工作处,2025-01-04,通过,李文静,材料齐全，同意认定
202300024,校三好学生,校级,校团委,2024-08-01,通过,李文静,佐证材料完整，予以通过
202300025,优秀共青团干部,校级,校团委,2023-05-26,通过,李文静,佐证材料完整，予以通过
202300025,校一等奖学金,校级,校团委,2026-03-06,通过,李文静,符合认定条件，通过
202300026,军训优秀学员,院级,学校,2025-09-25,待院长审批,李文静,初审通过，转院长审批
202300026,优秀共青团员,校级,学校,2023-08-17,通过,李文静,符合认定条件，通过
202300027,校优秀学生干部,校级,学生工作处,2024-09-04,通过,李文静,佐证材料完整，予以通过
202300027,校三等奖学金,校级,校团委,2024-07-14,通过,李文静,材料齐全，同意认定
202300028,校三好学生,校级,汽车工程学院,2026-06-02,通过,李文静,佐证材料完整，予以通过
202300028,校三等奖学金,校级,汽车工程学院,2024-12-18,通过,李文静,佐证材料完整，予以通过
202300029,校三等奖学金,校级,学生工作处,2025-10-26,通过,李文静,材料齐全，同意认定
202300029,优秀共青团员,校级,校团委,2025-05-15,待院长审批,李文静,初审通过，转院长审批
202300030,优秀共青团干部,校级,汽车工程学院,2025-05-14,通过,李文静,符合认定条件，通过
202300030,国家奖学金,国家级,校团委,2023-07-14,公示中,李文静,佐证材料完整，予以通过
202300031,国家励志奖学金,国家级,汽车工程学院,2026-08-01,通过,李文静,佐证材料完整，予以通过
202300031,优秀共青团干部,校级,校团委,2024-03-24,通过,李文静,材料齐全，同意认定
202300032,国家奖学金,国家级,学校,2025-01-19,通过,李文静,佐证材料完整，予以通过
202300032,军训优秀学员,院级,学生工作处,2023-03-26,通过,李文静,符合认定条件，通过
202300033,国家励志奖学金,国家级,学校,2025-08-06,通过,李文静,符合认定条件，通过
202300033,国家奖学金,国家级,学生工作处,2026-01-07,通过,李文静,佐证材料完整，予以通过
202300034,优秀共青团员,校级,学生工作处,2024-05-25,通过,李文静,材料齐全，同意认定
202300034,校二等奖学金,校级,学生工作处,2026-04-24,待审核,,
202300035,校园十佳志愿者,校级,校团委,2024-11-24,待审核,,
202300035,校一等奖学金,校级,校团委,2025-09-10,通过,李文静,佐证材料完整，予以通过
202300036,校三好学生,校级,校团委,2024-01-20,待审核,,
202300036,校园十佳志愿者,校级,校团委,2024-05-11,通过,李文静,材料齐全，同意认定
202300037,校三好学生,校级,汽车工程学院,2024-07-22,通过,李文静,符合认定条件，通过
202300037,优秀共青团干部,校级,汽车工程学院,2023-04-07,通过,李文静,材料齐全，同意认定
202300038,校园十佳志愿者,校级,学校,2025-05-16,通过,李文静,符合认定条件，通过
202300038,国家励志奖学金,国家级,汽车工程学院,2025-11-10,待审核,,
202300039,国家励志奖学金,国家级,校团委,2026-07-12,待审核,,
202300039,优秀共青团员,校级,校团委,2025-09-12,通过,李文静,符合认定条件，通过
202300040,校园十佳志愿者,校级,学校,2026-04-01,通过,李文静,材料齐全，同意认定
202300040,校一等奖学金,校级,学生工作处,2025-09-11,待院长审批,李文静,初审通过，转院长审批
202300041,校优秀学生干部,校级,校团委,2025-08-20,待审核,,
202300041,校一等奖学金,校级,学校,2026-02-01,通过,李文静,材料齐全，同意认定
202300042,优秀共青团员,校级,学校,2025-04-15,通过,李文静,佐证材料完整，予以通过
202300042,国家励志奖学金,国家级,校团委,2023-07-05,待审核,,
202300043,社会实践先进个人,校级,学生工作处,2025-07-17,待院长审批,李文静,初审通过，转院长审批
202300043,国家奖学金,国家级,学生工作处,2026-04-01,待院长审批,李文静,初审通过，转院长审批
202300044,国家励志奖学金,国家级,校团委,2026-05-19,通过,李文静,符合认定条件，通过
202300044,校优秀学生干部,校级,学校,2024-01-07,通过,李文静,材料齐全，同意认定
202300045,优秀共青团干部,校级,学生工作处,2024-12-05,通过,李文静,符合认定条件，通过
202300045,优秀共青团员,校级,学校,2026-01-05,通过,李文静,符合认定条件，通过
202300046,校优秀学生干部,校级,校团委,2024-03-16,通过,李文静,佐证材料完整，予以通过
202300046,校园十佳志愿者,校级,学校,2025-07-17,通过,李文静,材料齐全，同意认定
202300047,优秀共青团干部,校级,校团委,2023-01-16,通过,李文静,符合认定条件，通过
202300047,校三好学生,校级,汽车工程学院,2023-03-14,通过,李文静,佐证材料完整，予以通过
202300048,优秀共青团员,校级,学校,2024-08-04,通过,李文静,符合认定条件，通过
202300048,军训优秀学员,院级,校团委,2024-09-06,通过,李文静,符合认定条件，通过
202300049,校二等奖学金,校级,学生工作处,2025-01-17,通过,李文静,符合认定条件，通过
202300049,优秀共青团干部,校级,学校,2023-04-18,通过,李文静,佐证材料完整，予以通过
202300050,国家奖学金,国家级,汽车工程学院,2025-11-07,通过,李文静,佐证材料完整，予以通过
202300050,校园十佳志愿者,校级,学校,2023-03-16,通过,李文静,符合认定条件，通过
202300051,校一等奖学金,校级,学生工作处,2026-01-08,待审核,,
202300051,校三好学生,校级,学生工作处,2023-03-08,通过,李文静,佐证材料完整，予以通过
202300052,校一等奖学金,校级,学校,2024-01-28,通过,李文静,符合认定条件，通过
202300052,校一等奖学金,校级,学校,2025-09-02,通过,李文静,材料齐全，同意认定
202300053,校园十佳志愿者,校级,学生工作处,2024-07-13,通过,李文静,材料齐全，同意认定
202300053,校一等奖学金,校级,校团委,2025-02-27,通过,李文静,符合认定条件，通过
202300054,校一等奖学金,校级,学生工作处,2024-12-09,通过,李文静,材料齐全，同意认定
202300054,校三等奖学金,校级,学校,2023-11-08,通过,李文静,材料齐全，同意认定
202300055,社会实践先进个人,校级,校团委,2024-09-26,通过,李文静,佐证材料完整，予以通过
202300055,国家励志奖学金,国家级,汽车工程学院,2024-06-06,通过,李文静,佐证材料完整，予以通过
202300056,校园十佳志愿者,校级,学校,2024-05-03,通过,李文静,材料齐全，同意认定
202300056,优秀共青团干部,校级,汽车工程学院,2025-09-03,通过,李文静,材料齐全，同意认定
202300057,校一等奖学金,校级,汽车工程学院,2024-09-24,通过,李文静,佐证材料完整，予以通过
202300057,校优秀学生干部,校级,校团委,2026-04-21,通过,李文静,材料齐全，同意认定
202300058,社会实践先进个人,校级,汽车工程学院,2025-05-23,通过,李文静,符合认定条件，通过
202300058,优秀共青团员,校级,汽车工程学院,2024-05-18,待院长审批,李文静,初审通过，转院长审批
202300059,优秀共青团干部,校级,学生工作处,2025-08-28,通过,李文静,佐证材料完整，予以通过
202300059,校优秀学生干部,校级,学生工作处,2024-02-20,通过,李文静,符合认定条件，通过
202300060,优秀共青团员,校级,汽车工程学院,2023-08-18,通过,李文静,佐证材料完整，予以通过
202300060,校一等奖学金,校级,学校,2024-04-08,通过,李文静,佐证材料完整，予以通过
202300061,校三好学生,校级,汽车工程学院,2025-05-10,待审核,,
202300061,优秀共青团干部,校级,学校,2024-07-27,通过,李文静,材料齐全，同意认定
202300062,优秀共青团干部,校级,汽车工程学院,2025-10-07,待审核,,
202300062,军训优秀学员,院级,汽车工程学院,2025-08-18,待院长审批,李文静,初审通过，转院长审批
202300063,优秀共青团员,校级,汽车工程学院,2026-03-10,通过,李文静,材料齐全，同意认定
202300063,军训优秀学员,院级,校团委,2023-07-13,通过,李文静,材料齐全，同意认定
202300064,国家奖学金,国家级,学校,2026-03-18,通过,李文静,佐证材料完整，予以通过
202300064,国家励志奖学金,国家级,校团委,2026-07-03,通过,李文静,佐证材料完整，予以通过
202300065,社会实践先进个人,校级,校团委,2025-03-24,通过,李文静,佐证材料完整，予以通过
202300065,校园十佳志愿者,校级,学生工作处,2025-08-19,通过,李文静,材料齐全，同意认定
202300066,优秀共青团员,校级,学生工作处,2025-02-27,通过,李文静,佐证材料完整，予以通过
202300066,国家奖学金,国家级,学校,2024-11-12,通过,李文静,材料齐全，同意认定
202300067,校园十佳志愿者,校级,学校,2024-01-07,通过,李文静,符合认定条件，通过
202300067,校三等奖学金,校级,学校,2024-02-07,待审核,,
202300068,校优秀学生干部,校级,学校,2023-09-22,通过,李文静,佐证材料完整，予以通过
202300068,优秀共青团干部,校级,汽车工程学院,2024-12-27,通过,李文静,佐证材料完整，予以通过
202300069,校二等奖学金,校级,校团委,2023-05-11,通过,李文静,佐证材料完整，予以通过
202300069,优秀共青团干部,校级,学生工作处,2024-07-22,通过,李文静,佐证材料完整，予以通过
202300070,国家励志奖学金,国家级,校团委,2023-12-17,待院长审批,李文静,初审通过，转院长审批
202300070,优秀共青团干部,校级,汽车工程学院,2023-09-14,待院长审批,李文静,初审通过，转院长审批
202300071,校优秀学生干部,校级,校团委,2023-04-23,待审核,,
202300071,国家奖学金,国家级,学生工作处,2024-07-22,待院长审批,李文静,初审通过，转院长审批
202300072,校三好学生,校级,校团委,2024-10-05,通过,李文静,符合认定条件，通过
202300072,校三等奖学金,校级,校团委,2023-04-27,通过,李文静,符合认定条件，通过
202300073,优秀共青团员,校级,汽车工程学院,2023-12-15,待审核,,
202300073,校园十佳志愿者,校级,校团委,2024-05-24,待审核,,
202300074,优秀共青团干部,校级,学校,2023-11-16,通过,李文静,材料齐全，同意认定
202300074,军训优秀学员,院级,汽车工程学院,2024-08-24,通过,李文静,符合认定条件，通过
202300075,优秀共青团干部,校级,学校,2023-07-03,通过,李文静,符合认定条件，通过
202300075,校二等奖学金,校级,学生工作处,2024-10-26,通过,李文静,材料齐全，同意认定
202300076,优秀共青团干部,校级,校团委,2025-12-12,待审核,,
202300076,校园十佳志愿者,校级,学校,2024-12-16,通过,李文静,佐证材料完整，予以通过
202300077,校园十佳志愿者,校级,学校,2023-04-23,待审核,,
202300077,军训优秀学员,院级,学生工作处,2025-05-22,待审核,,
202300078,军训优秀学员,院级,学生工作处,2023-02-01,通过,李文静,符合认定条件，通过
202300078,校园十佳志愿者,校级,学生工作处,2024-02-24,通过,李文静,佐证材料完整，予以通过
202300079,校二等奖学金,校级,学校,2023-10-23,通过,李文静,符合认定条件，通过
202300079,校二等奖学金,校级,校团委,2026-04-24,通过,李文静,符合认定条件，通过
202300080,国家奖学金,国家级,学生工作处,2026-05-06,通过,李文静,材料齐全，同意认定
202300080,校三好学生,校级,学校,2025-01-18,通过,李文静,材料齐全，同意认定
202300081,校二等奖学金,校级,校团委,2024-10-14,通过,李文静,佐证材料完整，予以通过
202300081,校三等奖学金,校级,学校,2023-08-16,通过,李文静,材料齐全，同意认定
202300082,校三等奖学金,校级,学生工作处,2023-06-13,通过,李文静,符合认定条件，通过
202300082,军训优秀学员,院级,校团委,2025-12-11,通过,李文静,材料齐全，同意认定
202300083,校三等奖学金,校级,汽车工程学院,2026-01-05,待审核,,
202300083,国家励志奖学金,国家级,校团委,2024-08-03,通过,李文静,材料齐全，同意认定
202300084,校优秀学生干部,校级,学生工作处,2025-04-07,待院长审批,李文静,初审通过，转院长审批
202300084,军训优秀学员,院级,学校,2023-12-06,待审核,,
202300085,国家奖学金,国家级,校团委,2024-05-04,待院长审批,李文静,初审通过，转院长审批
202300085,校一等奖学金,校级,汽车工程学院,2023-07-04,待审核,,
202300086,校三等奖学金,校级,学生工作处,2025-12-16,通过,李文静,符合认定条件，通过
202300086,优秀共青团干部,校级,汽车工程学院,2026-08-17,待院长审批,李文静,初审通过，转院长审批
202300087,优秀共青团干部,校级,汽车工程学院,2025-07-08,通过,李文静,材料齐全，同意认定
202300087,国家奖学金,国家级,学生工作处,2026-02-15,待审核,,
202300088,校二等奖学金,校级,校团委,2026-07-03,待院长审批,李文静,初审通过，转院长审批
202300088,社会实践先进个人,校级,学生工作处,2025-08-07,通过,李文静,材料齐全，同意认定
202300089,校优秀学生干部,校级,校团委,2023-01-02,通过,李文静,材料齐全，同意认定
202300089,校园十佳志愿者,校级,学校,2025-01-20,通过,李文静,材料齐全，同意认定
202300090,社会实践先进个人,校级,校团委,2023-10-08,通过,李文静,材料齐全，同意认定
202300090,社会实践先进个人,校级,校团委,2024-03-13,通过,李文静,材料齐全，同意认定
202300091,校三好学生,校级,学校,2026-05-21,通过,李文静,佐证材料完整，予以通过
202300091,国家励志奖学金,国家级,学生工作处,2026-04-12,通过,李文静,佐证材料完整，予以通过
202300092,国家奖学金,国家级,校团委,2026-05-17,公示中,李文静,佐证材料完整，予以通过
202300092,校一等奖学金,校级,学校,2024-09-17,通过,李文静,佐证材料完整，予以通过
202300093,校优秀学生干部,校级,汽车工程学院,2024-05-20,通过,李文静,材料齐全，同意认定
202300093,校二等奖学金,校级,汽车工程学院,2025-06-10,通过,李文静,材料齐全，同意认定
202300094,校三好学生,校级,校团委,2023-11-20,待审核,,
202300094,国家奖学金,国家级,汽车工程学院,2025-11-03,待审核,,
202300095,社会实践先进个人,校级,学生工作处,2024-08-16,通过,李文静,符合认定条件，通过
202300095,国家奖学金,国家级,校团委,2023-03-21,通过,李文静,佐证材料完整，予以通过
202300096,校二等奖学金,校级,学生工作处,2025-11-12,通过,李文静,符合认定条件，通过
202300096,校园十佳志愿者,校级,学校,2026-03-11,待院长审批,李文静,初审通过，转院长审批
202300097,校一等奖学金,校级,校团委,2023-03-22,通过,李文静,符合认定条件，通过
202300097,校三等奖学金,校级,汽车工程学院,2023-10-23,通过,李文静,材料齐全，同意认定
202300098,优秀共青团干部,校级,校团委,2026-04-28,通过,李文静,符合认定条件，通过
202300098,社会实践先进个人,校级,汽车工程学院,2025-11-27,通过,李文静,符合认定条件，通过
202300099,社会实践先进个人,校级,学校,2023-08-08,通过,李文静,佐证材料完整，予以通过
202300099,优秀共青团干部,校级,学生工作处,2023-02-23,通过,李文静,佐证材料完整，予以通过
202300100,军训优秀学员,院级,学校,2024-12-12,通过,李文静,佐证材料完整，予以通过
202300100,校三等奖学金,校级,学校,2023-07-23,通过,李文静,材料齐全，同意认定
202300101,校优秀学生干部,校级,学校,2023-06-25,通过,李文静,符合认定条件，通过
202300101,校三好学生,校级,学生工作处,2024-02-10,通过,李文静,符合认定条件，通过
202300102,校园十佳志愿者,校级,校团委,2026-07-01,待院长审批,李文静,初审通过，转院长审批
202300102,军训优秀学员,院级,校团委,2024-08-24,通过,李文静,符合认定条件，通过
202300103,社会实践先进个人,校级,学校,2024-04-11,通过,李文静,材料齐全，同意认定
202300103,校优秀学生干部,校级,学生工作处,2025-03-13,通过,李文静,符合认定条件，通过
202300104,校三好学生,校级,汽车工程学院,2026-01-17,通过,李文静,材料齐全，同意认定
202300104,国家励志奖学金,国家级,汽车工程学院,2023-03-15,通过,李文静,符合认定条件，通过
202300105,校优秀学生干部,校级,校团委,2026-03-02,待审核,,
202300105,国家励志奖学金,国家级,学校,2025-02-10,通过,李文静,材料齐全，同意认定
202300106,校优秀学生干部,校级,学校,2025-10-27,通过,李文静,符合认定条件，通过
202300106,优秀共青团干部,校级,校团委,2025-11-19,待审核,,
202300107,国家奖学金,国家级,汽车工程学院,2023-12-11,通过,李文静,符合认定条件，通过
202300107,校优秀学生干部,校级,校团委,2025-05-01,通过,李文静,佐证材料完整，予以通过
202300108,社会实践先进个人,校级,学校,2025-07-04,通过,李文静,材料齐全，同意认定
202300108,国家励志奖学金,国家级,汽车工程学院,2023-05-27,通过,李文静,材料齐全，同意认定
202300109,优秀共青团员,校级,汽车工程学院,2026-05-13,通过,李文静,材料齐全，同意认定
202300109,国家奖学金,国家级,校团委,2026-08-08,通过,李文静,材料齐全，同意认定
202300110,校一等奖学金,校级,学生工作处,2025-09-16,公示中,李文静,符合认定条件，通过
202300110,校三等奖学金,校级,校团委,2025-05-11,待审核,,
202300111,校一等奖学金,校级,汽车工程学院,2024-03-10,通过,李文静,佐证材料完整，予以通过
202300111,校一等奖学金,校级,学校,2024-12-16,待院长审批,李文静,初审通过，转院长审批
202300112,优秀共青团干部,校级,学生工作处,2023-03-21,通过,李文静,材料齐全，同意认定
202300112,优秀共青团干部,校级,学生工作处,2024-05-27,通过,李文静,材料齐全，同意认定
202300113,国家励志奖学金,国家级,汽车工程学院,2026-03-18,通过,李文静,符合认定条件，通过
202300113,优秀共青团员,校级,学校,2024-04-01,通过,李文静,佐证材料完整，予以通过
202300114,校三等奖学金,校级,学校,2023-01-21,通过,李文静,佐证材料完整，予以通过
202300114,国家励志奖学金,国家级,汽车工程学院,2024-06-02,通过,李文静,符合认定条件，通过
202300115,校三等奖学金,校级,学生工作处,2023-09-07,待院长审批,李文静,初审通过，转院长审批
202300115,校三好学生,校级,学校,2025-10-19,通过,李文静,符合认定条件，通过
202300116,军训优秀学员,院级,汽车工程学院,2025-07-18,待院长审批,李文静,初审通过，转院长审批
202300116,优秀共青团干部,校级,校团委,2023-02-27,待审核,,
202300117,校优秀学生干部,校级,学生工作处,2024-12-04,通过,李文静,材料齐全，同意认定
202300117,国家励志奖学金,国家级,学校,2023-11-13,通过,李文静,符合认定条件，通过
202300118,优秀共青团员,校级,学校,2026-07-13,通过,李文静,佐证材料完整，予以通过
202300118,优秀共青团员,校级,汽车工程学院,2023-04-22,通过,李文静,佐证材料完整，予以通过
202300119,校三好学生,校级,校团委,2025-01-23,通过,李文静,材料齐全，同意认定
202300119,校优秀学生干部,校级,校团委,2023-02-13,通过,李文静,符合认定条件，通过
202300120,校三好学生,校级,学生工作处,2024-02-15,待审核,,
202300120,校三等奖学金,校级,学校,2026-04-11,待院长审批,李文静,初审通过，转院长审批
202300121,军训优秀学员,院级,汽车工程学院,2024-08-13,通过,李文静,佐证材料完整，予以通过
202300121,校二等奖学金,校级,校团委,2024-10-18,通过,李文静,符合认定条件，通过
202300122,优秀共青团干部,校级,学生工作处,2025-10-17,通过,李文静,符合认定条件，通过
202300122,校三等奖学金,校级,学校,2023-04-05,待审核,,
202300123,军训优秀学员,院级,汽车工程学院,2025-03-04,通过,李文静,材料齐全，同意认定
202300123,校三等奖学金,校级,学校,2024-03-06,通过,李文静,佐证材料完整，予以通过
202300124,校园十佳志愿者,校级,校团委,2025-03-26,待审核,,
202300124,校三等奖学金,校级,校团委,2023-06-02,通过,李文静,佐证材料完整，予以通过
202300125,校园十佳志愿者,校级,校团委,2024-07-24,通过,李文静,符合认定条件，通过
202300125,校一等奖学金,校级,汽车工程学院,2026-01-02,待审核,,
202300126,校优秀学生干部,校级,学校,2024-06-09,通过,李文静,符合认定条件，通过
202300126,校三等奖学金,校级,学生工作处,2025-06-12,通过,李文静,佐证材料完整，予以通过
202300127,优秀共青团员,校级,学校,2025-03-11,待审核,,
202300127,国家励志奖学金,国家级,校团委,2026-04-21,通过,李文静,佐证材料完整，予以通过
202300128,社会实践先进个人,校级,学生工作处,2025-01-17,通过,李文静,符合认定条件，通过
202300128,校二等奖学金,校级,汽车工程学院,2023-05-27,通过,李文静,材料齐全，同意认定
202300129,校三等奖学金,校级,校团委,2025-02-13,通过,李文静,符合认定条件，通过
202300129,校优秀学生干部,校级,学校,2026-08-04,通过,李文静,佐证材料完整，予以通过
202300130,军训优秀学员,院级,校团委,2023-02-08,通过,李文静,佐证材料完整，予以通过
202300130,校园十佳志愿者,校级,校团委,2024-04-27,通过,李文静,材料齐全，同意认定
202300131,校园十佳志愿者,校级,校团委,2023-02-27,待审核,,
202300131,优秀共青团员,校级,汽车工程学院,2023-02-02,待审核,,
202300132,国家奖学金,国家级,学校,2025-04-22,通过,李文静,佐证材料完整，予以通过
202300132,优秀共青团员,校级,学校,2026-08-20,待审核,,
202300133,校园十佳志愿者,校级,汽车工程学院,2026-08-11,通过,李文静,材料齐全，同意认定
202300133,校三好学生,校级,学生工作处,2025-12-23,通过,李文静,佐证材料完整，予以通过
202300134,校二等奖学金,校级,汽车工程学院,2023-08-02,通过,李文静,佐证材料完整，予以通过
202300134,国家励志奖学金,国家级,学生工作处,2026-02-28,通过,李文静,材料齐全，同意认定
202300135,校园十佳志愿者,校级,汽车工程学院,2024-03-26,待审核,,
202300135,校三好学生,校级,学生工作处,2025-02-04,通过,李文静,佐证材料完整，予以通过
202300136,国家奖学金,国家级,校团委,2025-09-17,待审核,,
202300136,国家奖学金,国家级,学校,2026-01-02,通过,李文静,佐证材料完整，予以通过
202300137,国家奖学金,国家级,汽车工程学院,2026-06-08,通过,王海燕,材料齐全，同意认定
202300137,校三等奖学金,校级,校团委,2023-06-11,待院长审批,王海燕,初审通过，转院长审批
202300138,社会实践先进个人,校级,校团委,2023-09-13,通过,王海燕,佐证材料完整，予以通过
202300138,军训优秀学员,院级,学生工作处,2023-07-19,通过,王海燕,材料齐全，同意认定
202300139,优秀共青团干部,校级,学生工作处,2026-03-17,通过,王海燕,材料齐全，同意认定
202300139,校三等奖学金,校级,汽车工程学院,2026-08-20,通过,王海燕,佐证材料完整，予以通过
202300140,校二等奖学金,校级,学校,2024-01-22,通过,王海燕,材料齐全，同意认定
202300140,校一等奖学金,校级,校团委,2024-02-19,通过,王海燕,材料齐全，同意认定
202300141,社会实践先进个人,校级,学生工作处,2026-07-21,通过,王海燕,佐证材料完整，予以通过
202300141,国家奖学金,国家级,学生工作处,2025-08-07,通过,王海燕,材料齐全，同意认定
202300142,优秀共青团员,校级,学生工作处,2025-12-19,通过,王海燕,材料齐全，同意认定
202300142,社会实践先进个人,校级,学校,2023-05-24,通过,王海燕,佐证材料完整，予以通过
202300143,社会实践先进个人,校级,学校,2023-06-04,通过,王海燕,佐证材料完整，予以通过
202300143,校三等奖学金,校级,学校,2025-02-25,通过,王海燕,符合认定条件，通过
202300144,校一等奖学金,校级,汽车工程学院,2025-09-28,通过,王海燕,符合认定条件，通过
202300144,校优秀学生干部,校级,学校,2025-09-18,通过,王海燕,佐证材料完整，予以通过
202300145,国家奖学金,国家级,学校,2024-10-22,通过,王海燕,材料齐全，同意认定
202300145,优秀共青团干部,校级,学生工作处,2026-08-06,通过,王海燕,符合认定条件，通过
202300146,国家励志奖学金,国家级,校团委,2024-01-20,通过,王海燕,符合认定条件，通过
202300146,校园十佳志愿者,校级,校团委,2025-11-18,待审核,,
202300147,校二等奖学金,校级,校团委,2025-04-28,通过,王海燕,佐证材料完整，予以通过
202300147,军训优秀学员,院级,学校,2025-09-12,通过,王海燕,材料齐全，同意认定
202300148,优秀共青团员,校级,学校,2024-07-05,待院长审批,王海燕,初审通过，转院长审批
202300148,国家励志奖学金,国家级,校团委,2024-05-26,待审核,,
202300149,国家励志奖学金,国家级,学校,2025-06-03,通过,王海燕,材料齐全，同意认定
202300149,校二等奖学金,校级,校团委,2023-07-11,通过,王海燕,符合认定条件，通过
202300150,国家励志奖学金,国家级,校团委,2025-01-01,通过,王海燕,佐证材料完整，予以通过
202300150,校三好学生,校级,校团委,2025-01-03,待审核,,
202300151,社会实践先进个人,校级,校团委,2025-09-18,通过,王海燕,材料齐全，同意认定
202300151,国家励志奖学金,国家级,学校,2024-12-15,通过,王海燕,佐证材料完整，予以通过
202300152,校园十佳志愿者,校级,汽车工程学院,2023-05-18,通过,王海燕,符合认定条件，通过
202300152,优秀共青团干部,校级,学生工作处,2023-11-19,通过,王海燕,佐证材料完整，予以通过
202300153,社会实践先进个人,校级,校团委,2026-01-26,通过,王海燕,材料齐全，同意认定
202300153,校二等奖学金,校级,学生工作处,2025-11-07,待审核,,
202300154,校优秀学生干部,校级,汽车工程学院,2025-05-03,通过,王海燕,材料齐全，同意认定
202300154,校一等奖学金,校级,学生工作处,2026-06-20,通过,王海燕,符合认定条件，通过
202300155,校二等奖学金,校级,校团委,2024-05-06,通过,王海燕,佐证材料完整，予以通过
202300155,国家奖学金,国家级,汽车工程学院,2023-09-27,通过,王海燕,材料齐全，同意认定
202300156,校一等奖学金,校级,校团委,2023-03-16,通过,王海燕,佐证材料完整，予以通过
202300156,国家奖学金,国家级,汽车工程学院,2025-05-12,待院长审批,王海燕,初审通过，转院长审批
202300157,军训优秀学员,院级,学生工作处,2026-03-14,通过,王海燕,符合认定条件，通过
202300157,国家励志奖学金,国家级,校团委,2026-05-19,通过,王海燕,佐证材料完整，予以通过
202300158,校三等奖学金,校级,学校,2023-02-18,待审核,,
202300158,优秀共青团员,校级,学生工作处,2023-04-14,通过,王海燕,材料齐全，同意认定
202300159,校园十佳志愿者,校级,学校,2023-04-02,通过,王海燕,符合认定条件，通过
202300159,社会实践先进个人,校级,学生工作处,2026-02-03,通过,王海燕,佐证材料完整，予以通过
202300160,校三好学生,校级,学校,2023-08-04,通过,王海燕,佐证材料完整，予以通过
202300160,国家励志奖学金,国家级,学生工作处,2023-08-10,通过,王海燕,佐证材料完整，予以通过
202300161,社会实践先进个人,校级,学校,2023-02-27,待审核,,
202300161,军训优秀学员,院级,汽车工程学院,2023-08-08,待院长审批,王海燕,初审通过，转院长审批
202300162,军训优秀学员,院级,学校,2026-01-19,通过,王海燕,材料齐全，同意认定
202300162,校三等奖学金,校级,汽车工程学院,2023-07-18,通过,王海燕,符合认定条件，通过
202300163,社会实践先进个人,校级,汽车工程学院,2025-09-13,通过,王海燕,佐证材料完整，予以通过
202300163,国家奖学金,国家级,汽车工程学院,2023-03-27,待审核,,
202300164,校三好学生,校级,汽车工程学院,2024-04-08,通过,王海燕,符合认定条件，通过
202300164,校一等奖学金,校级,汽车工程学院,2024-03-11,通过,王海燕,材料齐全，同意认定
202300165,优秀共青团干部,校级,学校,2025-02-16,通过,王海燕,材料齐全，同意认定
202300165,校一等奖学金,校级,汽车工程学院,2024-08-16,通过,王海燕,材料齐全，同意认定
202300166,校二等奖学金,校级,校团委,2024-05-23,通过,王海燕,材料齐全，同意认定
202300166,军训优秀学员,院级,学校,2025-05-17,通过,王海燕,材料齐全，同意认定
202300167,军训优秀学员,院级,汽车工程学院,2024-03-10,通过,王海燕,符合认定条件，通过
202300167,校三好学生,校级,学生工作处,2023-04-09,通过,王海燕,佐证材料完整，予以通过
202300168,国家励志奖学金,国家级,校团委,2025-04-05,公示中,王海燕,佐证材料完整，予以通过
202300168,校优秀学生干部,校级,学生工作处,2026-07-10,通过,王海燕,符合认定条件，通过
202300169,校三好学生,校级,学生工作处,2026-03-24,通过,王海燕,佐证材料完整，予以通过
202300169,校一等奖学金,校级,汽车工程学院,2023-10-12,待审核,,
202300170,校二等奖学金,校级,学校,2025-02-09,待审核,,
202300170,优秀共青团员,校级,学生工作处,2026-08-08,待院长审批,王海燕,初审通过，转院长审批
202300171,校优秀学生干部,校级,学生工作处,2025-12-12,通过,王海燕,符合认定条件，通过
202300171,国家励志奖学金,国家级,汽车工程学院,2023-05-21,通过,王海燕,材料齐全，同意认定
202300172,校二等奖学金,校级,学生工作处,2025-04-23,通过,王海燕,佐证材料完整，予以通过
202300172,社会实践先进个人,校级,学校,2025-08-06,通过,王海燕,符合认定条件，通过
202300173,校二等奖学金,校级,汽车工程学院,2023-08-24,通过,王海燕,材料齐全，同意认定
202300173,校一等奖学金,校级,校团委,2023-10-24,待院长审批,王海燕,初审通过，转院长审批
202300174,校优秀学生干部,校级,汽车工程学院,2026-06-20,通过,王海燕,符合认定条件，通过
202300174,校园十佳志愿者,校级,学校,2023-07-03,待审核,,
202300175,军训优秀学员,院级,学生工作处,2023-01-24,通过,王海燕,符合认定条件，通过
202300175,校三等奖学金,校级,校团委,2025-02-04,待审核,,
202300176,校三好学生,校级,汽车工程学院,2024-02-13,通过,王海燕,佐证材料完整，予以通过
202300176,国家励志奖学金,国家级,学生工作处,2026-07-27,公示中,王海燕,材料齐全，同意认定
202300177,国家励志奖学金,国家级,学生工作处,2023-10-28,待审核,,
202300177,优秀共青团干部,校级,学校,2023-12-26,通过,王海燕,材料齐全，同意认定
202300178,国家励志奖学金,国家级,学校,2024-07-25,待审核,,
202300178,校园十佳志愿者,校级,学生工作处,2026-04-15,通过,王海燕,佐证材料完整，予以通过
202300179,校三好学生,校级,汽车工程学院,2024-01-27,通过,王海燕,佐证材料完整，予以通过
202300179,国家励志奖学金,国家级,学校,2025-10-08,待院长审批,王海燕,初审通过，转院长审批
202300180,校三好学生,校级,汽车工程学院,2025-03-06,通过,王海燕,佐证材料完整，予以通过
202300180,校园十佳志愿者,校级,校团委,2026-04-09,通过,王海燕,材料齐全，同意认定
202300181,校二等奖学金,校级,学生工作处,2024-06-06,待审核,,
202300181,国家励志奖学金,国家级,学校,2025-09-26,通过,王海燕,佐证材料完整，予以通过
202300182,优秀共青团员,校级,学校,2024-02-17,通过,王海燕,材料齐全，同意认定
202300182,国家奖学金,国家级,汽车工程学院,2023-01-08,通过,王海燕,佐证材料完整，予以通过
202300183,校二等奖学金,校级,学校,2023-05-20,通过,王海燕,佐证材料完整，予以通过
202300183,校三等奖学金,校级,汽车工程学院,2023-09-23,通过,王海燕,材料齐全，同意认定
202300184,国家奖学金,国家级,校团委,2026-04-09,通过,王海燕,符合认定条件，通过
202300184,校三好学生,校级,学校,2023-09-05,通过,王海燕,材料齐全，同意认定
202300185,社会实践先进个人,校级,汽车工程学院,2023-09-20,通过,王海燕,佐证材料完整，予以通过
202300185,军训优秀学员,院级,学校,2026-06-13,通过,王海燕,材料齐全，同意认定
202300186,校二等奖学金,校级,汽车工程学院,2026-02-26,待审核,,
202300186,国家奖学金,国家级,校团委,2025-11-06,公示中,王海燕,符合认定条件，通过
202300187,校园十佳志愿者,校级,校团委,2026-05-13,通过,王海燕,佐证材料完整，予以通过
202300187,校一等奖学金,校级,校团委,2024-01-13,通过,王海燕,佐证材料完整，予以通过
202300188,优秀共青团干部,校级,校团委,2024-04-12,通过,王海燕,材料齐全，同意认定
202300188,校二等奖学金,校级,汽车工程学院,2024-02-20,通过,王海燕,佐证材料完整，予以通过
202300189,校优秀学生干部,校级,学生工作处,2024-12-04,通过,王海燕,符合认定条件，通过
202300189,国家奖学金,国家级,汽车工程学院,2024-06-25,通过,王海燕,符合认定条件，通过
202300190,校二等奖学金,校级,学生工作处,2025-07-22,待审核,,
202300190,优秀共青团干部,校级,学校,2025-07-14,待院长审批,王海燕,初审通过，转院长审批
202300191,校优秀学生干部,校级,学校,2024-06-28,通过,王海燕,材料齐全，同意认定
202300191,国家励志奖学金,国家级,学校,2026-01-26,通过,王海燕,材料齐全，同意认定
202300192,校优秀学生干部,校级,汽车工程学院,2023-10-23,通过,王海燕,佐证材料完整，予以通过
202300192,优秀共青团干部,校级,学生工作处,2025-10-04,待审核,,
202300193,校优秀学生干部,校级,汽车工程学院,2024-02-17,通过,王海燕,佐证材料完整，予以通过
202300193,校二等奖学金,校级,学校,2025-02-21,通过,王海燕,符合认定条件，通过
202300194,国家励志奖学金,国家级,学生工作处,2026-04-18,通过,王海燕,佐证材料完整，予以通过
202300194,校一等奖学金,校级,校团委,2025-08-19,通过,王海燕,材料齐全，同意认定
202300195,国家励志奖学金,国家级,学校,2023-09-03,通过,王海燕,材料齐全，同意认定
202300195,校三等奖学金,校级,学校,2024-05-04,通过,王海燕,材料齐全，同意认定
202300196,校一等奖学金,校级,校团委,2024-10-10,待院长审批,王海燕,初审通过，转院长审批
202300196,校优秀学生干部,校级,汽车工程学院,2024-04-09,待审核,,
202300197,社会实践先进个人,校级,校团委,2025-08-23,通过,王海燕,符合认定条件，通过
202300197,校优秀学生干部,校级,校团委,2024-02-08,通过,王海燕,材料齐全，同意认定
202300198,优秀共青团干部,校级,学生工作处,2023-10-24,通过,王海燕,材料齐全，同意认定
202300198,优秀共青团干部,校级,汽车工程学院,2026-02-04,通过,王海燕,材料齐全，同意认定
202300199,校一等奖学金,校级,学校,2024-02-02,通过,王海燕,佐证材料完整，予以通过
202300199,社会实践先进个人,校级,学生工作处,2024-01-27,通过,王海燕,符合认定条件，通过
202300200,社会实践先进个人,校级,学校,2026-02-22,通过,王海燕,佐证材料完整，予以通过
202300200,国家奖学金,国家级,学校,2025-09-14,通过,王海燕,佐证材料完整，予以通过
202300201,国家奖学金,国家级,校团委,2025-11-11,通过,王海燕,佐证材料完整，予以通过
202300201,优秀共青团干部,校级,学校,2023-11-15,待院长审批,王海燕,初审通过，转院长审批
202300202,校三好学生,校级,校团委,2023-11-03,待审核,,
202300202,校一等奖学金,校级,校团委,2025-07-06,通过,王海燕,材料齐全，同意认定
202300203,校三等奖学金,校级,学校,2023-03-20,待审核,,
202300203,国家奖学金,国家级,汽车工程学院,2023-02-21,通过,王海燕,佐证材料完整，予以通过
202300204,优秀共青团干部,校级,汽车工程学院,2023-04-20,通过,王海燕,佐证材料完整，予以通过
202300204,校园十佳志愿者,校级,校团委,2026-03-10,通过,王海燕,材料齐全，同意认定
202300205,校优秀学生干部,校级,学生工作处,2026-06-23,通过,刘志强,材料齐全，同意认定
202300205,校三好学生,校级,汽车工程学院,2026-08-16,通过,刘志强,佐证材料完整，予以通过
202300206,优秀共青团干部,校级,汽车工程学院,2023-08-27,待审核,,
202300206,校一等奖学金,校级,学生工作处,2026-05-04,通过,刘志强,佐证材料完整，予以通过
202300207,校二等奖学金,校级,学校,2024-09-16,通过,刘志强,材料齐全，同意认定
202300207,校园十佳志愿者,校级,学校,2023-07-24,通过,刘志强,佐证材料完整，予以通过
202300208,国家励志奖学金,国家级,学生工作处,2026-07-16,待审核,,
202300208,校园十佳志愿者,校级,校团委,2024-09-04,通过,刘志强,佐证材料完整，予以通过
202300209,校园十佳志愿者,校级,学生工作处,2024-02-19,通过,刘志强,材料齐全，同意认定
202300209,校二等奖学金,校级,汽车工程学院,2025-11-21,通过,刘志强,材料齐全，同意认定
202300210,国家奖学金,国家级,学校,2023-06-09,通过,刘志强,符合认定条件，通过
202300210,校优秀学生干部,校级,学校,2024-10-14,通过,刘志强,材料齐全，同意认定
202300211,校一等奖学金,校级,学生工作处,2023-12-24,通过,刘志强,符合认定条件，通过
202300211,优秀共青团干部,校级,学生工作处,2024-03-18,公示中,刘志强,符合认定条件，通过
202300212,国家励志奖学金,国家级,学校,2025-12-04,通过,刘志强,符合认定条件，通过
202300212,校园十佳志愿者,校级,学生工作处,2024-05-26,通过,刘志强,佐证材料完整，予以通过
202300213,国家励志奖学金,国家级,校团委,2026-04-25,通过,刘志强,符合认定条件，通过
202300213,校一等奖学金,校级,汽车工程学院,2026-05-15,通过,刘志强,材料齐全，同意认定
202300214,校优秀学生干部,校级,学校,2025-07-02,通过,刘志强,材料齐全，同意认定
202300214,校二等奖学金,校级,校团委,2026-08-28,通过,刘志强,佐证材料完整，予以通过
202300215,校三好学生,校级,学生工作处,2026-08-22,通过,刘志强,佐证材料完整，予以通过
202300215,军训优秀学员,院级,学校,2025-06-10,待审核,,
202300216,校园十佳志愿者,校级,学校,2024-07-27,通过,刘志强,符合认定条件，通过
202300216,校一等奖学金,校级,汽车工程学院,2023-01-10,待审核,,
202300217,国家励志奖学金,国家级,校团委,2026-04-13,通过,刘志强,材料齐全，同意认定
202300217,校优秀学生干部,校级,汽车工程学院,2023-03-21,通过,刘志强,佐证材料完整，予以通过
202300218,优秀共青团干部,校级,学校,2026-08-25,通过,刘志强,佐证材料完整，予以通过
202300218,军训优秀学员,院级,学生工作处,2026-04-27,待院长审批,刘志强,初审通过，转院长审批
202300219,校三好学生,校级,学生工作处,2024-01-03,待院长审批,刘志强,初审通过，转院长审批
202300219,军训优秀学员,院级,汽车工程学院,2023-06-22,待审核,,
202300220,社会实践先进个人,校级,汽车工程学院,2024-04-04,待院长审批,刘志强,初审通过，转院长审批
202300220,校三等奖学金,校级,汽车工程学院,2026-07-16,待院长审批,刘志强,初审通过，转院长审批
202300221,校三等奖学金,校级,学校,2023-05-09,通过,刘志强,佐证材料完整，予以通过
202300221,校园十佳志愿者,校级,学校,2025-12-16,通过,刘志强,符合认定条件，通过
202300222,国家奖学金,国家级,校团委,2024-07-05,通过,刘志强,佐证材料完整，予以通过
202300222,国家励志奖学金,国家级,校团委,2025-01-25,待审核,,
202300223,校一等奖学金,校级,汽车工程学院,2023-08-16,待审核,,
202300223,国家励志奖学金,国家级,学生工作处,2025-08-05,通过,刘志强,材料齐全，同意认定
202300224,优秀共青团干部,校级,汽车工程学院,2025-07-20,通过,刘志强,佐证材料完整，予以通过
202300224,优秀共青团员,校级,学校,2023-11-17,公示中,刘志强,符合认定条件，通过
202300225,校优秀学生干部,校级,学校,2024-08-03,待审核,,
202300225,校园十佳志愿者,校级,学校,2025-03-04,通过,刘志强,材料齐全，同意认定
202300226,校一等奖学金,校级,学生工作处,2024-07-20,通过,刘志强,材料齐全，同意认定
202300226,校三等奖学金,校级,学生工作处,2024-05-13,通过,刘志强,材料齐全，同意认定
202300227,国家奖学金,国家级,学校,2023-05-23,通过,刘志强,符合认定条件，通过
202300227,校一等奖学金,校级,校团委,2026-05-23,通过,刘志强,符合认定条件，通过
202300228,军训优秀学员,院级,校团委,2026-05-04,通过,刘志强,材料齐全，同意认定
202300228,社会实践先进个人,校级,汽车工程学院,2023-07-18,通过,刘志强,佐证材料完整，予以通过
202300229,优秀共青团干部,校级,学校,2025-01-01,通过,刘志强,材料齐全，同意认定
202300229,校二等奖学金,校级,学校,2026-04-10,待院长审批,刘志强,初审通过，转院长审批
202300230,校园十佳志愿者,校级,学校,2023-08-25,通过,刘志强,材料齐全，同意认定
202300230,校三等奖学金,校级,学生工作处,2023-03-03,通过,刘志强,佐证材料完整，予以通过
202300231,优秀共青团员,校级,学生工作处,2025-04-14,待院长审批,刘志强,初审通过，转院长审批
202300231,校园十佳志愿者,校级,学校,2024-11-23,通过,刘志强,佐证材料完整，予以通过
202300232,军训优秀学员,院级,校团委,2025-09-03,通过,刘志强,佐证材料完整，予以通过
202300232,优秀共青团干部,校级,汽车工程学院,2023-02-05,通过,刘志强,材料齐全，同意认定
202300233,校优秀学生干部,校级,学校,2025-03-10,通过,刘志强,符合认定条件，通过
202300233,优秀共青团干部,校级,校团委,2024-09-27,通过,刘志强,符合认定条件，通过
202300234,军训优秀学员,院级,汽车工程学院,2025-09-16,通过,刘志强,材料齐全，同意认定
202300234,校三等奖学金,校级,汽车工程学院,2026-06-22,通过,刘志强,佐证材料完整，予以通过
202300235,校优秀学生干部,校级,学生工作处,2024-10-02,通过,刘志强,符合认定条件，通过
202300235,校优秀学生干部,校级,汽车工程学院,2026-05-08,通过,刘志强,佐证材料完整，予以通过
202300236,军训优秀学员,院级,校团委,2025-04-27,通过,刘志强,佐证材料完整，予以通过
202300236,优秀共青团干部,校级,学校,2026-03-13,通过,刘志强,佐证材料完整，予以通过
202300237,社会实践先进个人,校级,汽车工程学院,2025-12-26,公示中,刘志强,材料齐全，同意认定
202300237,校优秀学生干部,校级,校团委,2024-09-28,通过,刘志强,材料齐全，同意认定
202300238,军训优秀学员,院级,学校,2025-12-19,通过,刘志强,佐证材料完整，予以通过
202300238,校园十佳志愿者,校级,学生工作处,2025-03-11,待审核,,
202300239,优秀共青团员,校级,汽车工程学院,2023-08-18,通过,刘志强,佐证材料完整，予以通过
202300239,校一等奖学金,校级,学生工作处,2026-04-19,通过,刘志强,佐证材料完整，予以通过
202300240,优秀共青团干部,校级,汽车工程学院,2024-11-16,通过,刘志强,佐证材料完整，予以通过
202300240,优秀共青团干部,校级,校团委,2026-08-25,通过,刘志强,佐证材料完整，予以通过
202300241,校二等奖学金,校级,学生工作处,2023-03-18,通过,刘志强,符合认定条件，通过
202300241,校三好学生,校级,汽车工程学院,2025-07-09,通过,刘志强,佐证材料完整，予以通过
202300242,国家奖学金,国家级,校团委,2025-12-19,通过,刘志强,佐证材料完整，予以通过
202300242,优秀共青团干部,校级,校团委,2026-03-15,通过,刘志强,符合认定条件，通过
202300243,优秀共青团员,校级,学生工作处,2024-09-25,通过,刘志强,符合认定条件，通过
202300243,优秀共青团员,校级,汽车工程学院,2024-06-21,待院长审批,刘志强,初审通过，转院长审批
202300244,优秀共青团员,校级,学校,2025-08-11,通过,刘志强,材料齐全，同意认定
202300244,军训优秀学员,院级,学校,2023-09-14,通过,刘志强,佐证材料完整，予以通过
202300245,校园十佳志愿者,校级,汽车工程学院,2023-11-03,通过,刘志强,材料齐全，同意认定
202300245,校优秀学生干部,校级,汽车工程学院,2025-08-18,通过,刘志强,佐证材料完整，予以通过
202300246,优秀共青团员,校级,学生工作处,2025-06-03,待审核,,
202300246,国家励志奖学金,国家级,汽车工程学院,2023-05-17,通过,刘志强,符合认定条件，通过
202300247,国家奖学金,国家级,学生工作处,2023-09-14,通过,刘志强,佐证材料完整，予以通过
202300247,国家励志奖学金,国家级,汽车工程学院,2026-07-01,待审核,,
202300248,优秀共青团干部,校级,校团委,2025-04-14,待院长审批,刘志强,初审通过，转院长审批
202300248,国家励志奖学金,国家级,校团委,2026-01-25,待院长审批,刘志强,初审通过，转院长审批
202300249,优秀共青团干部,校级,学校,2026-05-08,通过,刘志强,佐证材料完整，予以通过
202300249,优秀共青团干部,校级,校团委,2024-06-10,通过,刘志强,符合认定条件，通过
202300250,优秀共青团员,校级,汽车工程学院,2026-02-18,公示中,刘志强,材料齐全，同意认定
202300250,校三等奖学金,校级,学校,2024-05-24,通过,刘志强,材料齐全，同意认定
202300251,校园十佳志愿者,校级,校团委,2026-04-14,通过,刘志强,材料齐全，同意认定
202300251,校二等奖学金,校级,汽车工程学院,2026-01-08,待院长审批,刘志强,初审通过，转院长审批
202300252,国家励志奖学金,国家级,学生工作处,2023-08-03,待审核,,
202300252,校三等奖学金,校级,校团委,2023-10-25,通过,刘志强,佐证材料完整，予以通过
202300253,优秀共青团干部,校级,汽车工程学院,2024-06-14,通过,刘志强,符合认定条件，通过
202300253,校二等奖学金,校级,学校,2026-05-02,通过,刘志强,符合认定条件，通过
202300254,校一等奖学金,校级,学校,2023-05-22,通过,刘志强,材料齐全，同意认定
202300254,校三好学生,校级,学校,2024-10-24,待审核,,
202300255,国家奖学金,国家级,校团委,2023-08-08,通过,刘志强,佐证材料完整，予以通过
202300255,校优秀学生干部,校级,汽车工程学院,2023-05-22,通过,刘志强,符合认定条件，通过
202300256,校三好学生,校级,校团委,2024-01-25,通过,刘志强,材料齐全，同意认定
202300256,军训优秀学员,院级,学校,2026-05-06,待审核,,
202300257,社会实践先进个人,校级,校团委,2024-10-08,通过,刘志强,佐证材料完整，予以通过
202300257,校优秀学生干部,校级,汽车工程学院,2023-08-09,待审核,,
202300258,优秀共青团干部,校级,学生工作处,2025-07-15,通过,刘志强,佐证材料完整，予以通过
202300258,优秀共青团员,校级,学校,2023-04-08,通过,刘志强,材料齐全，同意认定
202300259,校园十佳志愿者,校级,汽车工程学院,2024-07-12,通过,刘志强,材料齐全，同意认定
202300259,国家奖学金,国家级,学生工作处,2023-02-08,通过,刘志强,材料齐全，同意认定
202300260,国家励志奖学金,国家级,汽车工程学院,2024-04-05,通过,刘志强,佐证材料完整，予以通过
202300260,军训优秀学员,院级,汽车工程学院,2025-09-22,通过,刘志强,佐证材料完整，予以通过
202300261,校三好学生,校级,汽车工程学院,2026-08-04,通过,刘志强,佐证材料完整，予以通过
202300261,校园十佳志愿者,校级,校团委,2024-12-02,通过,刘志强,佐证材料完整，予以通过
202300262,优秀共青团干部,校级,汽车工程学院,2023-08-10,通过,刘志强,材料齐全，同意认定
202300262,军训优秀学员,院级,校团委,2026-04-14,通过,刘志强,佐证材料完整，予以通过
202300263,国家励志奖学金,国家级,学生工作处,2025-01-03,公示中,刘志强,材料齐全，同意认定
202300263,校优秀学生干部,校级,学生工作处,2024-12-28,通过,刘志强,佐证材料完整，予以通过
202300264,社会实践先进个人,校级,校团委,2026-02-10,通过,刘志强,材料齐全，同意认定
202300264,优秀共青团员,校级,学生工作处,2023-11-13,待审核,,
202300265,优秀共青团干部,校级,学校,2026-07-21,通过,刘志强,佐证材料完整，予以通过
202300265,国家奖学金,国家级,汽车工程学院,2024-07-04,通过,刘志强,符合认定条件，通过
202300266,国家励志奖学金,国家级,校团委,2026-01-25,通过,刘志强,符合认定条件，通过
202300266,社会实践先进个人,校级,学校,2026-01-18,通过,刘志强,符合认定条件，通过
202300267,军训优秀学员,院级,学校,2024-11-08,通过,刘志强,材料齐全，同意认定
202300267,校三等奖学金,校级,汽车工程学院,2023-06-05,通过,刘志强,佐证材料完整，予以通过
202300268,校一等奖学金,校级,校团委,2025-09-24,通过,刘志强,佐证材料完整，予以通过
202300268,国家奖学金,国家级,学校,2024-03-16,通过,刘志强,符合认定条件，通过
202300269,军训优秀学员,院级,汽车工程学院,2023-12-21,通过,刘志强,符合认定条件，通过
202300269,军训优秀学员,院级,汽车工程学院,2024-02-09,通过,刘志强,符合认定条件，通过
202300270,社会实践先进个人,校级,学生工作处,2026-05-16,待审核,,
202300270,优秀共青团员,校级,汽车工程学院,2024-04-17,通过,刘志强,符合认定条件，通过
202300271,社会实践先进个人,校级,汽车工程学院,2023-07-12,通过,赵鹏,材料齐全，同意认定
202300271,优秀共青团员,校级,校团委,2023-05-22,通过,赵鹏,符合认定条件，通过
202300272,校二等奖学金,校级,学校,2024-12-11,通过,赵鹏,材料齐全，同意认定
202300272,校二等奖学金,校级,学校,2024-01-01,待审核,,
202300273,校一等奖学金,校级,校团委,2023-07-22,待审核,,
202300273,军训优秀学员,院级,校团委,2024-11-16,通过,赵鹏,符合认定条件，通过
202300274,校三好学生,校级,汽车工程学院,2025-03-04,通过,赵鹏,符合认定条件，通过
202300274,军训优秀学员,院级,汽车工程学院,2026-01-03,通过,赵鹏,符合认定条件，通过
202300275,国家奖学金,国家级,学生工作处,2025-06-12,通过,赵鹏,材料齐全，同意认定
202300275,社会实践先进个人,校级,学校,2025-06-25,通过,赵鹏,佐证材料完整，予以通过
202300276,校园十佳志愿者,校级,学校,2024-11-09,通过,赵鹏,符合认定条件，通过
202300276,校三等奖学金,校级,校团委,2025-11-02,通过,赵鹏,佐证材料完整，予以通过
202300277,社会实践先进个人,校级,学生工作处,2025-11-11,通过,赵鹏,材料齐全，同意认定
202300277,校三好学生,校级,校团委,2023-06-12,待审核,,
202300278,校三等奖学金,校级,汽车工程学院,2023-01-06,公示中,赵鹏,符合认定条件，通过
202300278,军训优秀学员,院级,汽车工程学院,2023-01-08,通过,赵鹏,佐证材料完整，予以通过
202300279,国家奖学金,国家级,学校,2025-03-26,通过,赵鹏,符合认定条件，通过
202300279,校一等奖学金,校级,汽车工程学院,2023-07-05,通过,赵鹏,材料齐全，同意认定
202300280,校优秀学生干部,校级,学生工作处,2026-08-24,通过,赵鹏,符合认定条件，通过
202300280,优秀共青团员,校级,学校,2023-02-10,通过,赵鹏,佐证材料完整，予以通过
202300281,军训优秀学员,院级,学校,2025-04-11,通过,赵鹏,材料齐全，同意认定
202300281,社会实践先进个人,校级,学校,2025-06-05,通过,赵鹏,材料齐全，同意认定
202300282,校二等奖学金,校级,学生工作处,2023-01-05,待审核,,
202300282,军训优秀学员,院级,学生工作处,2024-08-20,待审核,,
202300283,校一等奖学金,校级,汽车工程学院,2023-09-04,待审核,,
202300283,校优秀学生干部,校级,学生工作处,2023-07-01,待院长审批,赵鹏,初审通过，转院长审批
202300284,校园十佳志愿者,校级,汽车工程学院,2024-05-28,通过,赵鹏,符合认定条件，通过
202300284,校三好学生,校级,学校,2025-11-16,待审核,,
202300285,校优秀学生干部,校级,学生工作处,2026-07-16,通过,赵鹏,材料齐全，同意认定
202300285,优秀共青团干部,校级,汽车工程学院,2023-06-14,通过,赵鹏,佐证材料完整，予以通过
202300286,优秀共青团干部,校级,学校,2025-08-24,通过,赵鹏,佐证材料完整，予以通过
202300286,校园十佳志愿者,校级,校团委,2023-08-24,通过,赵鹏,材料齐全，同意认定
202300287,优秀共青团干部,校级,校团委,2026-02-08,通过,赵鹏,材料齐全，同意认定
202300287,优秀共青团干部,校级,校团委,2025-07-03,待院长审批,赵鹏,初审通过，转院长审批
202300288,校一等奖学金,校级,学校,2025-10-20,待审核,,
202300288,优秀共青团干部,校级,学校,2026-06-05,通过,赵鹏,佐证材料完整，予以通过
202300289,社会实践先进个人,校级,校团委,2024-09-10,待院长审批,赵鹏,初审通过，转院长审批
202300289,优秀共青团员,校级,校团委,2023-03-02,待院长审批,赵鹏,初审通过，转院长审批
202300290,军训优秀学员,院级,校团委,2024-06-14,通过,赵鹏,佐证材料完整，予以通过
202300290,国家奖学金,国家级,学生工作处,2023-07-02,通过,赵鹏,符合认定条件，通过
202300291,校三等奖学金,校级,汽车工程学院,2025-01-14,通过,赵鹏,佐证材料完整，予以通过
202300291,军训优秀学员,院级,学校,2023-05-10,通过,赵鹏,佐证材料完整，予以通过
202300292,优秀共青团员,校级,学生工作处,2025-06-26,待审核,,
202300292,社会实践先进个人,校级,学校,2023-07-12,通过,赵鹏,符合认定条件，通过
202300293,国家奖学金,国家级,校团委,2025-05-07,通过,赵鹏,材料齐全，同意认定
202300293,校优秀学生干部,校级,学生工作处,2023-12-17,待审核,,
202300294,校园十佳志愿者,校级,学生工作处,2023-01-16,待审核,,
202300294,国家奖学金,国家级,学校,2023-07-27,通过,赵鹏,材料齐全，同意认定
202300295,校三等奖学金,校级,学生工作处,2025-04-22,通过,赵鹏,材料齐全，同意认定
202300295,校园十佳志愿者,校级,汽车工程学院,2026-06-06,通过,赵鹏,符合认定条件，通过
202300296,军训优秀学员,院级,校团委,2024-06-02,通过,赵鹏,材料齐全，同意认定
202300296,校优秀学生干部,校级,学生工作处,2023-11-22,通过,赵鹏,材料齐全，同意认定
202300297,优秀共青团员,校级,学校,2023-07-22,通过,赵鹏,符合认定条件，通过
202300297,优秀共青团干部,校级,校团委,2023-05-24,通过,赵鹏,材料齐全，同意认定
202300298,校三等奖学金,校级,学校,2023-10-02,通过,赵鹏,佐证材料完整，予以通过
202300298,校二等奖学金,校级,学生工作处,2023-09-21,通过,赵鹏,佐证材料完整，予以通过
202300299,校二等奖学金,校级,学校,2023-09-16,待院长审批,赵鹏,初审通过，转院长审批
202300299,国家励志奖学金,国家级,校团委,2024-01-21,待院长审批,赵鹏,初审通过，转院长审批
202300300,校三好学生,校级,校团委,2026-03-02,通过,赵鹏,材料齐全，同意认定
202300300,校优秀学生干部,校级,汽车工程学院,2024-02-14,通过,赵鹏,佐证材料完整，予以通过
202400301,优秀共青团员,校级,学生工作处,2024-07-04,通过,张伟,符合认定条件，通过
202400301,校园十佳志愿者,校级,汽车工程学院,2025-05-11,驳回,张伟,认定依据不足，请补充说明材料
202400302,校一等奖学金,校级,学校,2024-03-06,驳回,张伟,材料不完整，请补充佐证后重新提交
202400303,优秀共青团干部,校级,学生工作处,2024-07-13,通过,张伟,符合认定条件，通过
202400304,优秀共青团干部,校级,校团委,2025-11-20,待审核,,
202400305,优秀共青团干部,校级,学校,2026-05-19,通过,张伟,材料齐全，同意认定
202400306,优秀共青团员,校级,校团委,2024-01-10,驳回,张伟,盖章缺失，请重新上传完整材料
202400307,校三好学生,校级,汽车工程学院,2025-11-18,通过,张伟,佐证材料完整，予以通过
202400308,校二等奖学金,校级,学生工作处,2024-01-06,驳回,张伟,时间信息有误，请核对后重新提交
202400308,校三好学生,校级,汽车工程学院,2024-03-17,通过,张伟,材料齐全，同意认定
202400309,校园十佳志愿者,校级,校团委,2024-03-23,通过,张伟,符合认定条件，通过
202400309,国家奖学金,国家级,校团委,2025-11-16,待审核,,
202400310,优秀共青团员,校级,汽车工程学院,2025-12-21,驳回,张伟,认定依据不足，请补充说明材料
202400310,校三好学生,校级,学校,2025-08-03,通过,张伟,佐证材料完整，予以通过
202400311,校一等奖学金,校级,汽车工程学院,2024-10-07,通过,张伟,材料齐全，同意认定
202400311,校二等奖学金,校级,校团委,2025-07-16,通过,张伟,材料齐全，同意认定
202400312,社会实践先进个人,校级,校团委,2026-03-26,通过,张伟,材料齐全，同意认定
202400312,校一等奖学金,校级,学校,2025-09-01,通过,张伟,符合认定条件，通过
202400313,校优秀学生干部,校级,校团委,2024-03-02,通过,张伟,材料齐全，同意认定
202400313,校园十佳志愿者,校级,校团委,2025-12-03,通过,张伟,佐证材料完整，予以通过
202400314,优秀共青团员,校级,学生工作处,2025-05-23,通过,张伟,佐证材料完整，予以通过
202400314,军训优秀学员,院级,学校,2025-11-17,通过,张伟,材料齐全，同意认定
202400315,校三好学生,校级,汽车工程学院,2026-07-12,通过,张伟,符合认定条件，通过
202400315,校三好学生,校级,校团委,2024-11-15,待审核,,
202400316,国家励志奖学金,国家级,学校,2024-11-05,通过,张伟,佐证材料完整，予以通过
202400317,国家奖学金,国家级,学校,2026-05-23,通过,张伟,材料齐全，同意认定
202400317,国家奖学金,国家级,校团委,2024-10-14,待审核,,
202400318,校优秀学生干部,校级,汽车工程学院,2024-08-19,通过,张伟,佐证材料完整，予以通过
202400319,校优秀学生干部,校级,学校,2024-08-11,通过,张伟,佐证材料完整，予以通过
202400320,军训优秀学员,院级,汽车工程学院,2026-07-01,通过,张伟,材料齐全，同意认定
202400321,优秀共青团员,校级,校团委,2026-01-06,待院长审批,张伟,初审通过，转院长审批
202400322,校园十佳志愿者,校级,汽车工程学院,2025-03-10,通过,张伟,佐证材料完整，予以通过
202400323,校二等奖学金,校级,汽车工程学院,2025-12-12,通过,张伟,符合认定条件，通过
202400323,优秀共青团干部,校级,学校,2026-02-18,通过,张伟,佐证材料完整，予以通过
202400324,国家奖学金,国家级,校团委,2026-03-22,通过,张伟,佐证材料完整，予以通过
202400324,国家励志奖学金,国家级,汽车工程学院,2026-04-21,通过,张伟,材料齐全，同意认定
202400325,国家奖学金,国家级,校团委,2025-01-01,通过,张伟,佐证材料完整，予以通过
202400325,校园十佳志愿者,校级,校团委,2024-02-20,驳回,张伟,材料不完整，请补充佐证后重新提交
202400326,国家奖学金,国家级,汽车工程学院,2024-12-12,驳回,张伟,材料不完整，请补充佐证后重新提交
202400326,军训优秀学员,院级,学校,2024-11-07,通过,张伟,材料齐全，同意认定
202400327,校三等奖学金,校级,学生工作处,2024-01-23,通过,张伟,佐证材料完整，予以通过
202400328,社会实践先进个人,校级,学生工作处,2026-04-20,待审核,,
202400328,校三好学生,校级,学校,2025-08-12,通过,张伟,材料齐全，同意认定
202400329,国家励志奖学金,国家级,汽车工程学院,2026-02-19,通过,张伟,佐证材料完整，予以通过
202400330,优秀共青团员,校级,学校,2024-11-17,通过,张伟,符合认定条件，通过
202400331,优秀共青团员,校级,校团委,2024-05-12,待审核,,
202400332,校一等奖学金,校级,校团委,2024-07-13,待院长审批,张伟,初审通过，转院长审批
202400333,校二等奖学金,校级,学生工作处,2024-12-24,通过,张伟,佐证材料完整，予以通过
202400334,校一等奖学金,校级,学生工作处,2025-02-17,通过,张伟,材料齐全，同意认定
202400334,优秀共青团干部,校级,汽车工程学院,2024-05-03,通过,张伟,佐证材料完整，予以通过
202400335,社会实践先进个人,校级,学校,2026-05-09,通过,张伟,佐证材料完整，予以通过
202400336,优秀共青团员,校级,校团委,2025-12-23,通过,张伟,佐证材料完整，予以通过
202400337,国家奖学金,国家级,学生工作处,2025-08-21,待院长审批,张伟,初审通过，转院长审批
202400338,国家励志奖学金,国家级,学生工作处,2025-09-05,通过,张伟,佐证材料完整，予以通过
202400339,军训优秀学员,院级,校团委,2026-05-14,通过,张伟,材料齐全，同意认定
202400339,校二等奖学金,校级,汽车工程学院,2026-07-15,待审核,,
202400340,国家奖学金,国家级,学生工作处,2024-05-24,通过,张伟,材料齐全，同意认定
202400340,校一等奖学金,校级,学生工作处,2024-08-02,通过,张伟,符合认定条件，通过
202400341,社会实践先进个人,校级,汽车工程学院,2026-03-26,驳回,张伟,认定依据不足，请补充说明材料
202400341,校园十佳志愿者,校级,汽车工程学院,2025-02-01,通过,张伟,符合认定条件，通过
202400342,校三好学生,校级,校团委,2026-01-13,通过,张伟,材料齐全，同意认定
202400342,校一等奖学金,校级,校团委,2025-12-27,通过,张伟,佐证材料完整，予以通过
202400343,校三等奖学金,校级,汽车工程学院,2026-06-08,驳回,张伟,盖章缺失，请重新上传完整材料
202400344,校一等奖学金,校级,学校,2026-01-25,通过,张伟,符合认定条件，通过
202400344,社会实践先进个人,校级,汽车工程学院,2024-10-25,通过,张伟,佐证材料完整，予以通过
202400345,优秀共青团员,校级,校团委,2025-10-02,通过,张伟,材料齐全，同意认定
202400346,军训优秀学员,院级,汽车工程学院,2024-02-09,通过,张伟,符合认定条件，通过
202400347,国家奖学金,国家级,校团委,2025-01-19,驳回,张伟,盖章缺失，请重新上传完整材料
202400347,社会实践先进个人,校级,校团委,2026-04-08,待审核,,
202400348,校园十佳志愿者,校级,学校,2026-03-09,待院长审批,张伟,初审通过，转院长审批
202400349,校三等奖学金,校级,汽车工程学院,2024-08-24,通过,张伟,佐证材料完整，予以通过
202400349,国家励志奖学金,国家级,学校,2025-08-21,通过,张伟,符合认定条件，通过
202400350,军训优秀学员,院级,汽车工程学院,2026-03-19,待审核,,
202400351,国家奖学金,国家级,校团委,2026-01-13,通过,张伟,佐证材料完整，予以通过
202400351,国家奖学金,国家级,学生工作处,2026-01-27,通过,张伟,佐证材料完整，予以通过
202400352,校园十佳志愿者,校级,校团委,2026-05-19,通过,张伟,材料齐全，同意认定
202400353,校优秀学生干部,校级,校团委,2024-05-12,通过,张伟,材料齐全，同意认定
202400353,校二等奖学金,校级,汽车工程学院,2025-03-06,通过,张伟,符合认定条件，通过
202400354,优秀共青团干部,校级,学生工作处,2024-02-20,通过,张伟,符合认定条件，通过
202400355,国家奖学金,国家级,校团委,2026-05-17,公示中,张伟,符合认定条件，通过
202400355,校优秀学生干部,校级,学校,2026-03-14,驳回,张伟,时间信息有误，请核对后重新提交
202400356,社会实践先进个人,校级,汽车工程学院,2025-10-24,待审核,,
202400357,校一等奖学金,校级,汽车工程学院,2024-11-22,驳回,张伟,盖章缺失，请重新上传完整材料
202400358,社会实践先进个人,校级,学生工作处,2026-05-21,通过,张伟,材料齐全，同意认定
202400358,优秀共青团员,校级,校团委,2025-05-01,通过,张伟,符合认定条件，通过
202400359,校园十佳志愿者,校级,学生工作处,2024-07-18,通过,张伟,材料齐全，同意认定
202400360,校三好学生,校级,校团委,2026-08-21,通过,张伟,符合认定条件，通过
202400360,优秀共青团干部,校级,汽车工程学院,2025-07-14,通过,张伟,符合认定条件，通过
202400361,国家励志奖学金,国家级,汽车工程学院,2026-03-28,驳回,张伟,盖章缺失，请重新上传完整材料
202400362,校二等奖学金,校级,汽车工程学院,2024-04-17,通过,张伟,符合认定条件，通过
202400362,优秀共青团员,校级,校团委,2024-02-08,通过,张伟,材料齐全，同意认定
202400363,校三等奖学金,校级,汽车工程学院,2025-07-26,待审核,,
202400364,校园十佳志愿者,校级,学生工作处,2025-01-28,通过,张伟,符合认定条件，通过
202400364,校三等奖学金,校级,汽车工程学院,2024-12-14,通过,张伟,佐证材料完整，予以通过
202400365,优秀共青团干部,校级,学校,2024-04-14,通过,张伟,材料齐全，同意认定
202400366,校优秀学生干部,校级,校团委,2024-02-06,通过,张伟,材料齐全，同意认定
202400366,校园十佳志愿者,校级,汽车工程学院,2026-06-11,通过,张伟,材料齐全，同意认定
202400367,优秀共青团员,校级,校团委,2024-08-13,通过,张伟,符合认定条件，通过
202400367,军训优秀学员,院级,学生工作处,2025-06-22,待院长审批,张伟,初审通过，转院长审批
202400368,校三等奖学金,校级,校团委,2024-11-23,通过,张伟,符合认定条件，通过
202400368,校优秀学生干部,校级,校团委,2024-04-23,通过,张伟,佐证材料完整，予以通过
202400369,校园十佳志愿者,校级,汽车工程学院,2026-02-13,通过,张伟,佐证材料完整，予以通过
202400370,国家奖学金,国家级,校团委,2024-06-12,通过,张伟,材料齐全，同意认定
202400370,优秀共青团员,校级,汽车工程学院,2025-11-09,待审核,,
202400371,优秀共青团员,校级,汽车工程学院,2026-01-27,待审核,,
202400371,校园十佳志愿者,校级,学校,2026-06-04,通过,张伟,材料齐全，同意认定
202400372,校二等奖学金,校级,汽车工程学院,2025-11-24,通过,张伟,符合认定条件，通过
202400373,校优秀学生干部,校级,学生工作处,2024-09-24,驳回,张伟,材料不完整，请补充佐证后重新提交
202400373,国家奖学金,国家级,学生工作处,2026-08-18,待审核,,
202400374,国家励志奖学金,国家级,学生工作处,2026-07-21,待院长审批,张伟,初审通过，转院长审批
202400374,校三好学生,校级,汽车工程学院,2026-03-02,待院长审批,张伟,初审通过，转院长审批
202400375,优秀共青团员,校级,学校,2024-04-22,通过,张伟,符合认定条件，通过
202400376,社会实践先进个人,校级,汽车工程学院,2025-07-03,通过,张伟,符合认定条件，通过
202400376,校优秀学生干部,校级,校团委,2024-04-08,待审核,,
202400377,校优秀学生干部,校级,学生工作处,2026-05-07,通过,张伟,佐证材料完整，予以通过
202400378,国家奖学金,国家级,学校,2025-12-03,通过,张伟,材料齐全，同意认定
202400378,校园十佳志愿者,校级,学校,2024-08-11,通过,张伟,佐证材料完整，予以通过
202400379,校二等奖学金,校级,汽车工程学院,2025-05-14,通过,张伟,佐证材料完整，予以通过
202400380,社会实践先进个人,校级,汽车工程学院,2025-07-13,通过,张伟,佐证材料完整，予以通过
202400381,优秀共青团干部,校级,学校,2025-12-21,待院长审批,张伟,初审通过，转院长审批
202400382,国家励志奖学金,国家级,汽车工程学院,2025-11-17,通过,张伟,材料齐全，同意认定
202400383,优秀共青团干部,校级,学生工作处,2025-06-05,通过,张伟,符合认定条件，通过
202400383,校二等奖学金,校级,校团委,2025-02-17,通过,张伟,符合认定条件，通过
202400384,国家奖学金,国家级,汽车工程学院,2026-07-09,通过,张伟,佐证材料完整，予以通过
202400384,社会实践先进个人,校级,学校,2026-01-13,待院长审批,张伟,初审通过，转院长审批
202400385,优秀共青团员,校级,学生工作处,2025-02-26,驳回,张伟,认定依据不足，请补充说明材料
202400386,校一等奖学金,校级,校团委,2026-06-09,通过,张伟,符合认定条件，通过
202400386,国家奖学金,国家级,学校,2024-09-06,通过,张伟,符合认定条件，通过
202400387,社会实践先进个人,校级,学生工作处,2026-06-07,通过,张伟,材料齐全，同意认定
202400388,校二等奖学金,校级,校团委,2024-06-14,通过,张伟,佐证材料完整，予以通过
202400389,校优秀学生干部,校级,校团委,2025-12-08,通过,张伟,符合认定条件，通过
202400389,校二等奖学金,校级,汽车工程学院,2026-05-19,待审核,,
202400390,国家励志奖学金,国家级,学生工作处,2025-12-23,通过,张伟,佐证材料完整，予以通过
202400390,社会实践先进个人,校级,汽车工程学院,2024-02-12,通过,张伟,符合认定条件，通过
202400391,校一等奖学金,校级,汽车工程学院,2026-03-07,驳回,张伟,盖章缺失，请重新上传完整材料
202400391,国家奖学金,国家级,汽车工程学院,2026-04-22,通过,张伟,材料齐全，同意认定
202400392,校园十佳志愿者,校级,汽车工程学院,2025-03-02,通过,张伟,符合认定条件，通过
202400392,校二等奖学金,校级,汽车工程学院,2024-03-17,通过,张伟,材料齐全，同意认定
202400393,优秀共青团干部,校级,汽车工程学院,2024-12-11,待审核,,
202400393,校三好学生,校级,学生工作处,2024-09-17,待审核,,
202400394,优秀共青团员,校级,校团委,2025-09-25,通过,张伟,材料齐全，同意认定
202400395,校园十佳志愿者,校级,学校,2026-08-07,通过,张伟,佐证材料完整，予以通过
202400395,国家奖学金,国家级,学校,2025-09-02,通过,张伟,材料齐全，同意认定
202400396,校二等奖学金,校级,学生工作处,2025-07-07,通过,张伟,材料齐全，同意认定
202400397,校三等奖学金,校级,学生工作处,2024-12-17,通过,张伟,符合认定条件，通过
202400398,优秀共青团员,校级,汽车工程学院,2025-09-12,通过,张伟,佐证材料完整，予以通过
202400398,国家奖学金,国家级,学生工作处,2025-11-19,通过,张伟,符合认定条件，通过
202400399,社会实践先进个人,校级,汽车工程学院,2026-05-16,驳回,张伟,时间信息有误，请核对后重新提交
202400400,校园十佳志愿者,校级,汽车工程学院,2024-05-09,待审核,,
202400401,社会实践先进个人,校级,校团委,2025-11-08,驳回,张伟,时间信息有误，请核对后重新提交
202400401,军训优秀学员,院级,汽车工程学院,2024-06-12,通过,张伟,佐证材料完整，予以通过
202400402,国家励志奖学金,国家级,学生工作处,2026-03-28,通过,张伟,佐证材料完整，予以通过
202400402,校园十佳志愿者,校级,学校,2024-09-04,待院长审批,张伟,初审通过，转院长审批
202400403,国家奖学金,国家级,校团委,2024-04-23,驳回,张伟,时间信息有误，请核对后重新提交
202400403,社会实践先进个人,校级,校团委,2026-03-17,驳回,张伟,认定依据不足，请补充说明材料
202400404,军训优秀学员,院级,学校,2026-01-19,待审核,,
202400405,社会实践先进个人,校级,汽车工程学院,2025-11-17,通过,张伟,材料齐全，同意认定
202400405,校优秀学生干部,校级,汽车工程学院,2025-11-04,通过,张伟,符合认定条件，通过
202400406,优秀共青团干部,校级,学生工作处,2025-07-10,通过,张伟,符合认定条件，通过
202400407,军训优秀学员,院级,校团委,2026-02-03,通过,张伟,符合认定条件，通过
202400407,军训优秀学员,院级,校团委,2026-06-08,待审核,,
202400408,军训优秀学员,院级,校团委,2026-05-19,驳回,张伟,材料不完整，请补充佐证后重新提交
202400408,优秀共青团员,校级,汽车工程学院,2026-07-13,通过,张伟,符合认定条件，通过
202400409,优秀共青团干部,校级,汽车工程学院,2025-04-20,通过,张伟,佐证材料完整，予以通过
202400409,国家励志奖学金,国家级,学校,2024-08-20,通过,张伟,佐证材料完整，予以通过
202400410,校园十佳志愿者,校级,学校,2025-06-26,驳回,张伟,认定依据不足，请补充说明材料
202400411,军训优秀学员,院级,学校,2024-01-18,通过,张伟,材料齐全，同意认定
202400411,校园十佳志愿者,校级,学生工作处,2025-03-07,通过,张伟,佐证材料完整，予以通过
202400412,军训优秀学员,院级,学校,2025-03-23,通过,张伟,材料齐全，同意认定
202400412,校二等奖学金,校级,学生工作处,2024-03-24,公示中,张伟,符合认定条件，通过
202400413,校三等奖学金,校级,汽车工程学院,2025-08-17,通过,张伟,佐证材料完整，予以通过
202400413,校二等奖学金,校级,校团委,2025-04-16,通过,张伟,符合认定条件，通过
202400414,校优秀学生干部,校级,学生工作处,2026-05-27,通过,张伟,佐证材料完整，予以通过
202400415,校三好学生,校级,学生工作处,2024-08-02,通过,张伟,佐证材料完整，予以通过
202400415,校二等奖学金,校级,校团委,2025-11-11,通过,张伟,符合认定条件，通过
202400416,优秀共青团员,校级,校团委,2025-07-17,通过,张伟,佐证材料完整，予以通过
202400416,校园十佳志愿者,校级,学校,2024-08-07,待院长审批,张伟,初审通过，转院长审批
202400417,军训优秀学员,院级,学校,2024-05-27,待审核,,
202400417,国家奖学金,国家级,汽车工程学院,2024-07-12,通过,张伟,佐证材料完整，予以通过
202400418,校三等奖学金,校级,汽车工程学院,2026-05-18,通过,张伟,材料齐全，同意认定
202400418,军训优秀学员,院级,学生工作处,2025-04-28,驳回,张伟,材料不完整，请补充佐证后重新提交
202400419,校三等奖学金,校级,学校,2024-06-24,公示中,张伟,符合认定条件，通过
202400419,校三等奖学金,校级,汽车工程学院,2025-07-09,通过,张伟,材料齐全，同意认定
202400420,国家奖学金,国家级,汽车工程学院,2026-08-20,通过,张伟,符合认定条件，通过
202400420,社会实践先进个人,校级,汽车工程学院,2026-08-19,公示中,张伟,符合认定条件，通过
202400421,军训优秀学员,院级,校团委,2025-11-11,通过,张伟,佐证材料完整，予以通过
202400421,校优秀学生干部,校级,学生工作处,2025-07-12,通过,张伟,材料齐全，同意认定
202400422,校优秀学生干部,校级,学生工作处,2026-06-01,待审核,,
202400423,校三好学生,校级,学生工作处,2026-05-16,通过,张伟,符合认定条件，通过
202400423,校一等奖学金,校级,学生工作处,2026-08-01,待审核,,
202400424,优秀共青团员,校级,汽车工程学院,2024-12-14,通过,张伟,符合认定条件，通过
202400425,校二等奖学金,校级,学生工作处,2025-01-18,通过,张伟,材料齐全，同意认定
202400425,优秀共青团干部,校级,学生工作处,2025-02-10,通过,张伟,佐证材料完整，予以通过
202400426,校三好学生,校级,汽车工程学院,2025-04-24,通过,张伟,佐证材料完整，予以通过
202400427,校一等奖学金,校级,汽车工程学院,2025-06-15,通过,张伟,符合认定条件，通过
202400428,校三好学生,校级,学生工作处,2024-12-15,通过,张伟,佐证材料完整，予以通过
202400428,国家奖学金,国家级,校团委,2026-07-28,驳回,张伟,认定依据不足，请补充说明材料
202400429,社会实践先进个人,校级,汽车工程学院,2024-06-28,待审核,,
202400429,校园十佳志愿者,校级,校团委,2025-04-15,通过,张伟,符合认定条件，通过
202400430,优秀共青团员,校级,汽车工程学院,2026-06-27,通过,张伟,材料齐全，同意认定
202400430,校二等奖学金,校级,校团委,2024-09-11,通过,张伟,符合认定条件，通过
202400431,军训优秀学员,院级,汽车工程学院,2024-07-19,通过,张伟,材料齐全，同意认定
202400431,校优秀学生干部,校级,学生工作处,2024-05-20,待院长审批,张伟,初审通过，转院长审批
202400432,校三好学生,校级,学生工作处,2024-08-20,通过,张伟,材料齐全，同意认定
202400433,校二等奖学金,校级,学生工作处,2025-03-04,通过,张伟,符合认定条件，通过
202400433,军训优秀学员,院级,学生工作处,2025-09-09,通过,张伟,佐证材料完整，予以通过
202400434,校三等奖学金,校级,学生工作处,2024-07-26,通过,张伟,材料齐全，同意认定
202400434,社会实践先进个人,校级,学生工作处,2026-02-04,通过,张伟,佐证材料完整，予以通过
202400435,校二等奖学金,校级,汽车工程学院,2024-06-10,驳回,张伟,盖章缺失，请重新上传完整材料
202400435,校二等奖学金,校级,校团委,2025-04-15,待审核,,
202400436,国家奖学金,国家级,学校,2024-07-03,通过,张伟,符合认定条件，通过
202400437,校三等奖学金,校级,校团委,2026-07-25,通过,周建军,佐证材料完整，予以通过
202400437,社会实践先进个人,校级,校团委,2025-06-13,通过,周建军,符合认定条件，通过
202400438,校优秀学生干部,校级,学生工作处,2026-06-23,驳回,周建军,时间信息有误，请核对后重新提交
202400438,校三好学生,校级,学校,2026-05-16,通过,周建军,佐证材料完整，予以通过
202400439,社会实践先进个人,校级,学生工作处,2026-01-12,待审核,,
202400440,国家励志奖学金,国家级,汽车工程学院,2026-08-21,通过,周建军,材料齐全，同意认定
202400440,国家奖学金,国家级,学生工作处,2026-01-10,待审核,,
202400441,校三等奖学金,校级,校团委,2026-04-10,通过,周建军,佐证材料完整，予以通过
202400442,校二等奖学金,校级,学生工作处,2024-11-19,通过,周建军,佐证材料完整，予以通过
202400443,国家奖学金,国家级,学生工作处,2026-02-13,通过,周建军,材料齐全，同意认定
202400443,校二等奖学金,校级,学校,2026-07-10,通过,周建军,佐证材料完整，予以通过
202400444,优秀共青团员,校级,校团委,2024-08-04,待审核,,
202400445,优秀共青团员,校级,校团委,2025-09-28,通过,周建军,佐证材料完整，予以通过
202400445,国家励志奖学金,国家级,学校,2025-10-21,通过,周建军,佐证材料完整，予以通过
202400446,优秀共青团干部,校级,学生工作处,2026-04-25,通过,周建军,材料齐全，同意认定
202400447,校园十佳志愿者,校级,学校,2026-02-11,通过,周建军,佐证材料完整，予以通过
202400448,校一等奖学金,校级,学校,2024-05-01,通过,周建军,符合认定条件，通过
202400449,优秀共青团干部,校级,学校,2026-07-13,待审核,,
202400449,社会实践先进个人,校级,学生工作处,2024-08-13,通过,周建军,符合认定条件，通过
202400450,优秀共青团干部,校级,学生工作处,2026-03-02,通过,周建军,符合认定条件，通过
202400450,社会实践先进个人,校级,学生工作处,2024-07-23,通过,周建军,材料齐全，同意认定
202400451,校一等奖学金,校级,学生工作处,2026-07-10,通过,周建军,佐证材料完整，予以通过
202400451,军训优秀学员,院级,学生工作处,2024-12-10,通过,周建军,符合认定条件，通过
202400452,优秀共青团干部,校级,校团委,2025-03-08,通过,周建军,符合认定条件，通过
202400452,校园十佳志愿者,校级,学校,2025-02-28,通过,周建军,符合认定条件，通过
202400453,校二等奖学金,校级,学校,2026-02-19,驳回,周建军,时间信息有误，请核对后重新提交
202400453,军训优秀学员,院级,汽车工程学院,2025-12-04,通过,周建军,符合认定条件，通过
202400454,优秀共青团员,校级,学生工作处,2025-04-10,待审核,,
202400454,校园十佳志愿者,校级,学生工作处,2024-09-28,通过,周建军,佐证材料完整，予以通过
202400455,校园十佳志愿者,校级,学校,2025-02-12,通过,周建军,符合认定条件，通过
202400455,校优秀学生干部,校级,学生工作处,2026-06-19,驳回,周建军,时间信息有误，请核对后重新提交
202400456,优秀共青团员,校级,学校,2025-12-09,通过,周建军,符合认定条件，通过
202400456,国家励志奖学金,国家级,学校,2026-06-20,通过,周建军,符合认定条件，通过
202400457,社会实践先进个人,校级,校团委,2026-03-15,通过,周建军,符合认定条件，通过
202400458,校三等奖学金,校级,学生工作处,2025-03-13,驳回,周建军,时间信息有误，请核对后重新提交
202400458,校三好学生,校级,学校,2025-12-16,通过,周建军,材料齐全，同意认定
202400459,校一等奖学金,校级,汽车工程学院,2025-07-14,公示中,周建军,材料齐全，同意认定
202400459,国家奖学金,国家级,学校,2026-06-04,通过,周建军,佐证材料完整，予以通过
202400460,社会实践先进个人,校级,学校,2024-10-27,通过,周建军,符合认定条件，通过
202400461,校二等奖学金,校级,学生工作处,2024-09-19,通过,周建军,佐证材料完整，予以通过
202400462,校三好学生,校级,校团委,2025-04-26,通过,周建军,符合认定条件，通过
202400463,军训优秀学员,院级,学校,2026-01-09,通过,周建军,符合认定条件，通过
202400463,校一等奖学金,校级,学校,2025-06-05,通过,周建军,材料齐全，同意认定
202400464,军训优秀学员,院级,学生工作处,2025-05-17,通过,周建军,佐证材料完整，予以通过
202400464,校一等奖学金,校级,学校,2024-07-21,通过,周建军,材料齐全，同意认定
202400465,校优秀学生干部,校级,校团委,2026-08-26,通过,周建军,符合认定条件，通过
202400465,校三好学生,校级,汽车工程学院,2025-11-26,通过,周建军,符合认定条件，通过
202400466,军训优秀学员,院级,学校,2024-12-12,通过,周建军,材料齐全，同意认定
202400467,校二等奖学金,校级,校团委,2026-08-09,通过,周建军,佐证材料完整，予以通过
202400467,校园十佳志愿者,校级,学校,2024-09-08,通过,周建军,佐证材料完整，予以通过
202400468,国家奖学金,国家级,校团委,2026-03-06,待院长审批,周建军,初审通过，转院长审批
202400468,军训优秀学员,院级,汽车工程学院,2025-06-17,公示中,周建军,符合认定条件，通过
202400469,优秀共青团员,校级,校团委,2025-04-12,待审核,,
202400470,社会实践先进个人,校级,汽车工程学院,2025-07-07,通过,周建军,符合认定条件，通过
202400470,优秀共青团干部,校级,学生工作处,2026-02-05,驳回,周建军,认定依据不足，请补充说明材料
202400471,校三好学生,校级,校团委,2024-08-03,待审核,,
202400472,军训优秀学员,院级,学生工作处,2025-04-03,通过,周建军,材料齐全，同意认定
202400472,校园十佳志愿者,校级,汽车工程学院,2024-07-27,通过,周建军,材料齐全，同意认定
202400473,校三等奖学金,校级,校团委,2025-07-21,通过,周建军,材料齐全，同意认定
202400474,校一等奖学金,校级,学生工作处,2026-04-06,待审核,,
202400474,校优秀学生干部,校级,学生工作处,2026-07-02,通过,周建军,符合认定条件，通过
202400475,社会实践先进个人,校级,汽车工程学院,2026-06-01,驳回,周建军,认定依据不足，请补充说明材料
202400476,优秀共青团干部,校级,汽车工程学院,2026-03-12,通过,周建军,佐证材料完整，予以通过
202400476,优秀共青团员,校级,汽车工程学院,2024-06-25,通过,周建军,佐证材料完整，予以通过
202400477,校优秀学生干部,校级,校团委,2026-06-27,通过,周建军,符合认定条件，通过
202400477,校三等奖学金,校级,校团委,2024-04-05,通过,周建军,符合认定条件，通过
202400478,校优秀学生干部,校级,学校,2026-01-13,待审核,,
202400478,优秀共青团干部,校级,校团委,2026-05-04,驳回,周建军,时间信息有误，请核对后重新提交
202400479,社会实践先进个人,校级,学校,2026-04-23,驳回,周建军,盖章缺失，请重新上传完整材料
202400479,社会实践先进个人,校级,汽车工程学院,2024-02-25,通过,周建军,符合认定条件，通过
202400480,军训优秀学员,院级,校团委,2024-09-15,通过,周建军,材料齐全，同意认定
202400480,校园十佳志愿者,校级,汽车工程学院,2024-07-18,待审核,,
202400481,社会实践先进个人,校级,汽车工程学院,2024-03-08,通过,周建军,佐证材料完整，予以通过
202400482,优秀共青团干部,校级,学生工作处,2025-05-27,通过,周建军,佐证材料完整，予以通过
202400482,校二等奖学金,校级,校团委,2025-11-03,待审核,,
202400483,校优秀学生干部,校级,学生工作处,2026-06-14,待审核,,
202400484,校园十佳志愿者,校级,校团委,2025-02-11,公示中,周建军,佐证材料完整，予以通过
202400485,优秀共青团干部,校级,学生工作处,2024-09-19,驳回,周建军,材料不完整，请补充佐证后重新提交
202400485,校园十佳志愿者,校级,汽车工程学院,2026-07-04,待审核,,
202400486,国家奖学金,国家级,学生工作处,2024-05-12,待审核,,
202400487,军训优秀学员,院级,校团委,2025-04-23,通过,周建军,佐证材料完整，予以通过
202400487,校园十佳志愿者,校级,汽车工程学院,2024-02-17,通过,周建军,佐证材料完整，予以通过
202400488,优秀共青团干部,校级,学生工作处,2025-01-01,通过,周建军,材料齐全，同意认定
202400488,军训优秀学员,院级,学校,2024-11-13,公示中,周建军,佐证材料完整，予以通过
202400489,校三好学生,校级,学生工作处,2024-10-25,通过,周建军,佐证材料完整，予以通过
202400490,军训优秀学员,院级,学校,2024-10-09,待院长审批,周建军,初审通过，转院长审批
202400491,军训优秀学员,院级,学校,2025-01-01,通过,周建军,佐证材料完整，予以通过
202400491,校优秀学生干部,校级,校团委,2024-05-10,待审核,,
202400492,国家励志奖学金,国家级,学生工作处,2024-12-06,通过,周建军,佐证材料完整，予以通过
202400493,校二等奖学金,校级,学生工作处,2024-07-24,驳回,周建军,认定依据不足，请补充说明材料
202400493,校三好学生,校级,汽车工程学院,2024-01-27,待审核,,
202400494,校优秀学生干部,校级,校团委,2026-07-10,待审核,,
202400494,校优秀学生干部,校级,汽车工程学院,2025-01-07,通过,周建军,符合认定条件，通过
202400495,校园十佳志愿者,校级,学校,2026-02-28,通过,周建军,符合认定条件，通过
202400496,校一等奖学金,校级,汽车工程学院,2026-07-09,通过,周建军,材料齐全，同意认定
202400496,优秀共青团员,校级,汽车工程学院,2024-01-07,待审核,,
202400497,国家奖学金,国家级,汽车工程学院,2024-10-06,通过,周建军,材料齐全，同意认定
202400497,校一等奖学金,校级,汽车工程学院,2025-02-01,待院长审批,周建军,初审通过，转院长审批
202400498,校二等奖学金,校级,校团委,2026-01-20,通过,周建军,符合认定条件，通过
202400499,国家励志奖学金,国家级,校团委,2025-02-12,通过,周建军,符合认定条件，通过
202400499,优秀共青团干部,校级,学校,2026-04-16,通过,周建军,符合认定条件，通过
202400500,校一等奖学金,校级,汽车工程学院,2025-10-12,通过,周建军,符合认定条件，通过
202400501,国家励志奖学金,国家级,汽车工程学院,2026-01-15,公示中,周建军,符合认定条件，通过
202400501,优秀共青团干部,校级,学生工作处,2024-01-18,通过,周建军,材料齐全，同意认定
202400502,校园十佳志愿者,校级,学校,2025-11-20,待审核,,
202400502,校三好学生,校级,学校,2024-01-03,待审核,,
202400503,校二等奖学金,校级,学生工作处,2024-07-10,通过,周建军,佐证材料完整，予以通过
202400503,国家奖学金,国家级,校团委,2024-01-17,通过,周建军,佐证材料完整，予以通过
202400504,国家励志奖学金,国家级,学校,2026-07-24,驳回,周建军,材料不完整，请补充佐证后重新提交
202400505,校二等奖学金,校级,学校,2025-11-15,待院长审批,孙丽华,初审通过，转院长审批
202400506,校一等奖学金,校级,学校,2024-07-15,通过,孙丽华,材料齐全，同意认定
202400506,国家奖学金,国家级,学生工作处,2026-07-03,通过,孙丽华,佐证材料完整，予以通过
202400507,社会实践先进个人,校级,汽车工程学院,2025-09-26,待审核,,
202400507,军训优秀学员,院级,校团委,2024-08-15,通过,孙丽华,佐证材料完整，予以通过
202400508,社会实践先进个人,校级,学生工作处,2024-12-01,公示中,孙丽华,材料齐全，同意认定
202400509,优秀共青团员,校级,汽车工程学院,2026-03-07,通过,孙丽华,符合认定条件，通过
202400510,校园十佳志愿者,校级,学校,2024-06-07,待院长审批,孙丽华,初审通过，转院长审批
202400511,优秀共青团员,校级,汽车工程学院,2025-02-16,通过,孙丽华,佐证材料完整，予以通过
202400512,国家励志奖学金,国家级,学校,2024-07-15,待院长审批,孙丽华,初审通过，转院长审批
202400512,社会实践先进个人,校级,汽车工程学院,2026-06-11,驳回,孙丽华,认定依据不足，请补充说明材料
202400513,军训优秀学员,院级,汽车工程学院,2024-05-21,待审核,,
202400514,校一等奖学金,校级,校团委,2026-06-15,待审核,,
202400514,社会实践先进个人,校级,汽车工程学院,2025-11-12,通过,孙丽华,材料齐全，同意认定
202400515,优秀共青团干部,校级,学校,2025-05-25,待审核,,
202400515,社会实践先进个人,校级,学校,2026-04-05,通过,孙丽华,佐证材料完整，予以通过
202400516,军训优秀学员,院级,校团委,2026-06-26,待审核,,
202400516,校一等奖学金,校级,学校,2024-10-09,通过,孙丽华,佐证材料完整，予以通过
202400517,优秀共青团干部,校级,校团委,2024-11-25,待审核,,
202400518,社会实践先进个人,校级,汽车工程学院,2025-08-24,通过,孙丽华,符合认定条件，通过
202400518,国家奖学金,国家级,学生工作处,2024-04-15,通过,孙丽华,佐证材料完整，予以通过
202400519,校优秀学生干部,校级,学校,2026-07-20,通过,孙丽华,佐证材料完整，予以通过
202400520,校园十佳志愿者,校级,校团委,2026-08-12,待审核,,
202400521,校二等奖学金,校级,校团委,2025-06-24,驳回,孙丽华,材料不完整，请补充佐证后重新提交
202400522,优秀共青团员,校级,学校,2024-05-25,通过,孙丽华,材料齐全，同意认定
202400523,优秀共青团员,校级,汽车工程学院,2026-07-25,通过,孙丽华,材料齐全，同意认定
202400523,校一等奖学金,校级,汽车工程学院,2025-03-06,待审核,,
202400524,优秀共青团干部,校级,校团委,2025-05-09,待审核,,
202400525,校二等奖学金,校级,汽车工程学院,2025-05-12,通过,孙丽华,佐证材料完整，予以通过
202400526,社会实践先进个人,校级,学生工作处,2026-03-16,通过,孙丽华,材料齐全，同意认定
202400527,军训优秀学员,院级,校团委,2026-07-02,通过,孙丽华,材料齐全，同意认定
202400528,社会实践先进个人,校级,校团委,2024-09-24,通过,孙丽华,符合认定条件，通过
202400529,校三好学生,校级,学生工作处,2026-04-03,待审核,,
202400529,优秀共青团干部,校级,汽车工程学院,2026-08-28,通过,孙丽华,佐证材料完整，予以通过
202400530,校三等奖学金,校级,学生工作处,2024-05-24,驳回,孙丽华,认定依据不足，请补充说明材料
202400530,优秀共青团干部,校级,汽车工程学院,2025-10-23,通过,孙丽华,材料齐全，同意认定
202400531,国家励志奖学金,国家级,学校,2024-07-24,通过,孙丽华,符合认定条件，通过
202400532,校一等奖学金,校级,学校,2026-07-14,待院长审批,孙丽华,初审通过，转院长审批
202400533,优秀共青团员,校级,汽车工程学院,2024-06-13,通过,孙丽华,佐证材料完整，予以通过
202400533,优秀共青团干部,校级,学生工作处,2024-05-13,通过,孙丽华,符合认定条件，通过
202400534,校三好学生,校级,汽车工程学院,2025-01-25,通过,孙丽华,材料齐全，同意认定
202400534,校园十佳志愿者,校级,学校,2026-06-23,待审核,,
202400535,校园十佳志愿者,校级,汽车工程学院,2026-07-04,驳回,孙丽华,认定依据不足，请补充说明材料
202400535,优秀共青团干部,校级,学生工作处,2025-08-03,通过,孙丽华,材料齐全，同意认定
202400536,校三等奖学金,校级,学校,2024-08-03,待审核,,
202400537,社会实践先进个人,校级,汽车工程学院,2024-02-06,通过,孙丽华,符合认定条件，通过
202400537,校三好学生,校级,学生工作处,2026-02-01,通过,孙丽华,材料齐全，同意认定
202400538,校二等奖学金,校级,学校,2025-01-19,通过,孙丽华,佐证材料完整，予以通过
202400538,校二等奖学金,校级,学校,2025-04-05,通过,孙丽华,符合认定条件，通过
202400539,优秀共青团员,校级,学生工作处,2026-08-03,通过,孙丽华,材料齐全，同意认定
202400539,校一等奖学金,校级,学校,2025-08-09,待审核,,
202400540,校二等奖学金,校级,校团委,2026-08-22,通过,孙丽华,符合认定条件，通过
202400540,优秀共青团干部,校级,汽车工程学院,2025-10-25,待院长审批,孙丽华,初审通过，转院长审批
202400541,优秀共青团干部,校级,汽车工程学院,2025-06-14,待审核,,
202400541,校三好学生,校级,汽车工程学院,2024-02-27,通过,孙丽华,佐证材料完整，予以通过
202400542,国家奖学金,国家级,学生工作处,2026-03-08,公示中,孙丽华,符合认定条件，通过
202400542,军训优秀学员,院级,校团委,2024-12-20,通过,孙丽华,符合认定条件，通过
202400543,国家奖学金,国家级,学校,2024-10-23,驳回,孙丽华,盖章缺失，请重新上传完整材料
202400544,校三等奖学金,校级,校团委,2025-06-21,通过,孙丽华,材料齐全，同意认定
202400544,校园十佳志愿者,校级,汽车工程学院,2024-10-26,驳回,孙丽华,盖章缺失，请重新上传完整材料
202400545,校二等奖学金,校级,校团委,2026-06-25,通过,孙丽华,符合认定条件，通过
202400546,社会实践先进个人,校级,学校,2024-08-10,待审核,,
202400547,优秀共青团员,校级,学生工作处,2024-07-25,通过,孙丽华,材料齐全，同意认定
202400548,校优秀学生干部,校级,汽车工程学院,2025-01-04,待院长审批,孙丽华,初审通过，转院长审批
202400548,社会实践先进个人,校级,汽车工程学院,2024-06-14,公示中,孙丽华,佐证材料完整，予以通过
202400549,校一等奖学金,校级,学校,2024-09-27,通过,孙丽华,材料齐全，同意认定
202400550,优秀共青团员,校级,汽车工程学院,2024-03-27,通过,孙丽华,材料齐全，同意认定
202400551,校三好学生,校级,校团委,2024-10-12,通过,孙丽华,佐证材料完整，予以通过
202400552,校三好学生,校级,汽车工程学院,2025-03-07,通过,孙丽华,符合认定条件，通过
202400553,校优秀学生干部,校级,校团委,2026-06-04,通过,孙丽华,佐证材料完整，予以通过
202400553,校二等奖学金,校级,校团委,2025-03-03,通过,孙丽华,材料齐全，同意认定
202400554,校二等奖学金,校级,校团委,2026-05-21,驳回,孙丽华,盖章缺失，请重新上传完整材料
202400555,军训优秀学员,院级,汽车工程学院,2025-11-19,通过,孙丽华,材料齐全，同意认定
202400556,国家励志奖学金,国家级,汽车工程学院,2026-05-09,通过,孙丽华,佐证材料完整，予以通过
202400556,校三好学生,校级,学校,2025-03-23,通过,孙丽华,符合认定条件，通过
202400557,优秀共青团员,校级,汽车工程学院,2024-10-22,驳回,孙丽华,材料不完整，请补充佐证后重新提交
202400557,国家奖学金,国家级,汽车工程学院,2025-08-02,待审核,,
202400558,校三等奖学金,校级,校团委,2024-10-06,驳回,孙丽华,时间信息有误，请核对后重新提交
202400559,军训优秀学员,院级,学校,2024-03-17,待审核,,
202400559,校优秀学生干部,校级,学生工作处,2025-07-20,通过,孙丽华,材料齐全，同意认定
202400560,社会实践先进个人,校级,校团委,2026-04-27,待院长审批,孙丽华,初审通过，转院长审批
202400560,社会实践先进个人,校级,汽车工程学院,2026-04-26,通过,孙丽华,材料齐全，同意认定
202400561,优秀共青团员,校级,校团委,2026-03-16,通过,孙丽华,佐证材料完整，予以通过
202400561,校三等奖学金,校级,校团委,2024-01-08,通过,孙丽华,佐证材料完整，予以通过
202400562,军训优秀学员,院级,学校,2026-07-12,通过,孙丽华,佐证材料完整，予以通过
202400563,国家奖学金,国家级,校团委,2026-02-14,待审核,,
202400563,军训优秀学员,院级,学校,2024-03-03,通过,孙丽华,佐证材料完整，予以通过
202400564,校二等奖学金,校级,学生工作处,2025-12-22,待院长审批,孙丽华,初审通过，转院长审批
202400565,国家励志奖学金,国家级,学校,2025-11-05,待审核,,
202400565,校园十佳志愿者,校级,学校,2026-08-27,通过,孙丽华,佐证材料完整，予以通过
202400566,优秀共青团员,校级,学校,2025-08-20,通过,孙丽华,符合认定条件，通过
202400567,校三等奖学金,校级,汽车工程学院,2024-12-12,通过,孙丽华,佐证材料完整，予以通过
202400568,校二等奖学金,校级,校团委,2025-05-05,通过,孙丽华,材料齐全，同意认定
202400569,军训优秀学员,院级,汽车工程学院,2024-03-16,待审核,,
202400570,校一等奖学金,校级,汽车工程学院,2025-01-17,通过,孙丽华,佐证材料完整，予以通过
202400570,校一等奖学金,校级,汽车工程学院,2025-04-04,驳回,孙丽华,认定依据不足，请补充说明材料
202400571,优秀共青团员,校级,学校,2024-10-18,通过,钱雅琴,材料齐全，同意认定
202400571,校三好学生,校级,学生工作处,2024-06-28,通过,钱雅琴,佐证材料完整，予以通过
202400572,校一等奖学金,校级,校团委,2024-07-08,驳回,钱雅琴,时间信息有误，请核对后重新提交
202400573,校优秀学生干部,校级,学校,2026-07-28,通过,钱雅琴,符合认定条件，通过
202400574,校一等奖学金,校级,汽车工程学院,2026-07-04,通过,钱雅琴,材料齐全，同意认定
202400574,校一等奖学金,校级,学生工作处,2025-04-11,公示中,钱雅琴,佐证材料完整，予以通过
202400575,校三等奖学金,校级,校团委,2025-09-23,驳回,钱雅琴,时间信息有误，请核对后重新提交
202400575,校三好学生,校级,校团委,2024-12-23,通过,钱雅琴,符合认定条件，通过
202400576,国家励志奖学金,国家级,汽车工程学院,2026-05-11,待审核,,
202400576,优秀共青团员,校级,学校,2025-10-28,通过,钱雅琴,材料齐全，同意认定
202400577,优秀共青团干部,校级,汽车工程学院,2026-07-07,驳回,钱雅琴,时间信息有误，请核对后重新提交
202400578,国家励志奖学金,国家级,学生工作处,2024-11-05,通过,钱雅琴,材料齐全，同意认定
202400578,校一等奖学金,校级,学生工作处,2026-06-04,通过,钱雅琴,符合认定条件，通过
202400579,国家奖学金,国家级,校团委,2025-04-20,通过,钱雅琴,材料齐全，同意认定
202400580,社会实践先进个人,校级,学生工作处,2026-03-28,公示中,钱雅琴,材料齐全，同意认定
202400581,校园十佳志愿者,校级,校团委,2024-10-01,通过,钱雅琴,材料齐全，同意认定
202400581,校优秀学生干部,校级,汽车工程学院,2026-01-26,待院长审批,钱雅琴,初审通过，转院长审批
202400582,校二等奖学金,校级,学生工作处,2024-12-16,通过,钱雅琴,材料齐全，同意认定
202400582,校三等奖学金,校级,学校,2024-05-16,通过,钱雅琴,佐证材料完整，予以通过
202400583,优秀共青团干部,校级,学校,2024-10-15,通过,钱雅琴,材料齐全，同意认定
202400583,优秀共青团员,校级,校团委,2024-04-07,通过,钱雅琴,佐证材料完整，予以通过
202400584,校三好学生,校级,学生工作处,2024-10-18,待院长审批,钱雅琴,初审通过，转院长审批
202400585,校二等奖学金,校级,汽车工程学院,2024-06-23,待审核,,
202400585,优秀共青团干部,校级,校团委,2025-09-02,通过,钱雅琴,符合认定条件，通过
202400586,校一等奖学金,校级,汽车工程学院,2025-05-24,待审核,,
202400586,国家励志奖学金,国家级,汽车工程学院,2026-08-05,待审核,,
202400587,校园十佳志愿者,校级,校团委,2025-06-03,通过,钱雅琴,符合认定条件，通过
202400588,国家奖学金,国家级,学生工作处,2025-10-24,通过,钱雅琴,佐证材料完整，予以通过
202400588,国家励志奖学金,国家级,学生工作处,2026-07-11,待审核,,
202400589,社会实践先进个人,校级,学校,2026-04-04,通过,钱雅琴,材料齐全，同意认定
202400589,校园十佳志愿者,校级,学校,2024-04-03,通过,钱雅琴,材料齐全，同意认定
202400590,校优秀学生干部,校级,汽车工程学院,2024-12-08,通过,钱雅琴,佐证材料完整，予以通过
202400590,校一等奖学金,校级,学校,2024-02-28,通过,钱雅琴,材料齐全，同意认定
202400591,校二等奖学金,校级,校团委,2024-11-23,通过,钱雅琴,佐证材料完整，予以通过
202400592,国家励志奖学金,国家级,学生工作处,2026-04-16,通过,钱雅琴,符合认定条件，通过
202400593,校三好学生,校级,学校,2025-06-27,驳回,钱雅琴,材料不完整，请补充佐证后重新提交
202400594,校二等奖学金,校级,学校,2026-06-10,通过,钱雅琴,材料齐全，同意认定
202400594,校一等奖学金,校级,学生工作处,2024-12-03,通过,钱雅琴,佐证材料完整，予以通过
202400595,国家励志奖学金,国家级,学校,2024-06-17,公示中,钱雅琴,符合认定条件，通过
202400595,校三好学生,校级,汽车工程学院,2026-02-07,驳回,钱雅琴,盖章缺失，请重新上传完整材料
202400596,校三好学生,校级,校团委,2024-12-17,通过,钱雅琴,佐证材料完整，予以通过
202400596,校三好学生,校级,汽车工程学院,2026-03-05,通过,钱雅琴,佐证材料完整，予以通过
202400597,校优秀学生干部,校级,学生工作处,2024-09-15,公示中,钱雅琴,符合认定条件，通过
202400597,优秀共青团干部,校级,学校,2024-11-14,通过,钱雅琴,佐证材料完整，予以通过
202400598,校三好学生,校级,学生工作处,2024-02-03,通过,钱雅琴,佐证材料完整，予以通过
202400598,校一等奖学金,校级,校团委,2026-01-02,通过,钱雅琴,材料齐全，同意认定
202400599,优秀共青团干部,校级,学校,2026-03-16,通过,钱雅琴,符合认定条件，通过
202400600,校三好学生,校级,学校,2025-07-01,驳回,钱雅琴,盖章缺失，请重新上传完整材料
202500601,校三等奖学金,校级,汽车工程学院,2026-08-17,驳回,陈晓宇,材料不完整，请补充佐证后重新提交
202500602,校二等奖学金,校级,学生工作处,2026-01-24,待审核,,
202500603,校优秀学生干部,校级,学校,2026-05-21,通过,陈晓宇,佐证材料完整，予以通过
202500604,校三好学生,校级,校团委,2026-06-14,待审核,,
202500605,校三好学生,校级,汽车工程学院,2026-05-10,通过,陈晓宇,佐证材料完整，予以通过
202500606,校一等奖学金,校级,学生工作处,2026-02-18,公示中,陈晓宇,材料齐全，同意认定
202500607,优秀共青团员,校级,校团委,2026-05-07,驳回,陈晓宇,盖章缺失，请重新上传完整材料
202500608,优秀共青团员,校级,学校,2025-12-01,通过,陈晓宇,材料齐全，同意认定
202500609,校二等奖学金,校级,汽车工程学院,2026-08-17,通过,陈晓宇,材料齐全，同意认定
202500610,校三等奖学金,校级,学校,2025-07-09,驳回,陈晓宇,盖章缺失，请重新上传完整材料
202500611,国家励志奖学金,国家级,汽车工程学院,2025-05-27,通过,陈晓宇,佐证材料完整，予以通过
202500612,社会实践先进个人,校级,汽车工程学院,2026-05-13,驳回,陈晓宇,时间信息有误，请核对后重新提交
202500613,校一等奖学金,校级,学生工作处,2026-05-04,驳回,陈晓宇,材料不完整，请补充佐证后重新提交
202500614,国家励志奖学金,国家级,汽车工程学院,2026-01-15,通过,陈晓宇,佐证材料完整，予以通过
202500615,国家奖学金,国家级,汽车工程学院,2025-01-05,公示中,陈晓宇,材料齐全，同意认定
202500616,优秀共青团干部,校级,学生工作处,2026-07-26,通过,陈晓宇,材料齐全，同意认定
202500617,校二等奖学金,校级,学校,2026-03-20,驳回,陈晓宇,认定依据不足，请补充说明材料
202500618,优秀共青团员,校级,校团委,2025-02-06,通过,陈晓宇,符合认定条件，通过
202500619,军训优秀学员,院级,学生工作处,2026-08-15,待审核,,
202500620,校园十佳志愿者,校级,汽车工程学院,2025-07-05,通过,陈晓宇,符合认定条件，通过
202500621,校优秀学生干部,校级,汽车工程学院,2025-03-23,驳回,陈晓宇,时间信息有误，请核对后重新提交
202500622,国家奖学金,国家级,汽车工程学院,2025-09-28,待审核,,
202500623,优秀共青团员,校级,学生工作处,2025-03-08,通过,陈晓宇,佐证材料完整，予以通过
202500624,校三好学生,校级,校团委,2026-02-20,通过,陈晓宇,符合认定条件，通过
202500625,优秀共青团员,校级,汽车工程学院,2025-08-13,驳回,陈晓宇,盖章缺失，请重新上传完整材料
202500626,国家奖学金,国家级,学生工作处,2025-03-19,通过,陈晓宇,符合认定条件，通过
202500627,校优秀学生干部,校级,汽车工程学院,2026-03-23,通过,陈晓宇,佐证材料完整，予以通过
202500628,校三好学生,校级,校团委,2026-03-04,通过,陈晓宇,材料齐全，同意认定
202500629,优秀共青团员,校级,校团委,2025-05-08,通过,陈晓宇,材料齐全，同意认定
202500630,校一等奖学金,校级,学生工作处,2026-07-14,待审核,,
202500631,优秀共青团员,校级,学校,2026-05-06,通过,陈晓宇,符合认定条件，通过
202500632,校园十佳志愿者,校级,学生工作处,2026-02-27,通过,陈晓宇,符合认定条件，通过
202500633,校二等奖学金,校级,学生工作处,2026-06-11,驳回,陈晓宇,认定依据不足，请补充说明材料
202500634,国家励志奖学金,国家级,学生工作处,2025-04-20,驳回,陈晓宇,材料不完整，请补充佐证后重新提交
202500635,社会实践先进个人,校级,学生工作处,2026-04-19,通过,陈晓宇,材料齐全，同意认定
202500636,校园十佳志愿者,校级,汽车工程学院,2026-02-10,驳回,陈晓宇,认定依据不足，请补充说明材料
202500637,校三等奖学金,校级,校团委,2025-08-25,驳回,陈晓宇,材料不完整，请补充佐证后重新提交
202500638,国家励志奖学金,国家级,汽车工程学院,2026-02-27,驳回,陈晓宇,认定依据不足，请补充说明材料
202500639,校二等奖学金,校级,学校,2026-06-05,驳回,陈晓宇,认定依据不足，请补充说明材料
202500640,国家励志奖学金,国家级,学生工作处,2025-09-09,待审核,,
202500641,校园十佳志愿者,校级,学校,2026-06-15,驳回,陈晓宇,认定依据不足，请补充说明材料
202500642,国家励志奖学金,国家级,学校,2025-07-12,通过,陈晓宇,符合认定条件，通过
202500643,优秀共青团干部,校级,校团委,2025-02-13,驳回,陈晓宇,盖章缺失，请重新上传完整材料
202500644,校三等奖学金,校级,学校,2025-08-15,待审核,,
202500645,校优秀学生干部,校级,学生工作处,2025-11-22,驳回,陈晓宇,时间信息有误，请核对后重新提交
202500646,国家励志奖学金,国家级,校团委,2025-05-24,通过,陈晓宇,佐证材料完整，予以通过
202500647,国家奖学金,国家级,校团委,2026-03-14,通过,陈晓宇,符合认定条件，通过
202500648,校优秀学生干部,校级,学生工作处,2025-03-03,驳回,陈晓宇,材料不完整，请补充佐证后重新提交
202500649,校三好学生,校级,学生工作处,2025-12-11,驳回,陈晓宇,认定依据不足，请补充说明材料
202500650,校园十佳志愿者,校级,汽车工程学院,2025-04-26,驳回,陈晓宇,时间信息有误，请核对后重新提交
202500651,优秀共青团员,校级,汽车工程学院,2025-06-01,通过,陈晓宇,符合认定条件，通过
202500652,国家奖学金,国家级,学生工作处,2025-12-03,通过,陈晓宇,材料齐全，同意认定
202500653,校一等奖学金,校级,学校,2025-04-07,驳回,陈晓宇,时间信息有误，请核对后重新提交
202500654,优秀共青团员,校级,学校,2025-01-23,驳回,陈晓宇,时间信息有误，请核对后重新提交
202500655,社会实践先进个人,校级,学校,2026-07-20,待审核,,
202500656,校优秀学生干部,校级,校团委,2026-05-10,通过,陈晓宇,佐证材料完整，予以通过
202500657,优秀共青团员,校级,汽车工程学院,2026-05-02,公示中,陈晓宇,符合认定条件，通过
202500658,国家奖学金,国家级,校团委,2025-06-27,驳回,陈晓宇,材料不完整，请补充佐证后重新提交
202500659,校园十佳志愿者,校级,学校,2025-02-24,驳回,陈晓宇,材料不完整，请补充佐证后重新提交
202500660,优秀共青团干部,校级,汽车工程学院,2026-07-03,通过,陈晓宇,符合认定条件，通过
202500661,校三等奖学金,校级,汽车工程学院,2026-05-28,通过,陈晓宇,符合认定条件，通过
202500662,军训优秀学员,院级,学校,2026-06-09,驳回,陈晓宇,材料不完整，请补充佐证后重新提交
202500663,校一等奖学金,校级,学校,2025-12-04,通过,陈晓宇,符合认定条件，通过
202500664,社会实践先进个人,校级,汽车工程学院,2025-07-13,驳回,陈晓宇,材料不完整，请补充佐证后重新提交
202500665,校二等奖学金,校级,学生工作处,2026-04-25,待审核,,
202500666,校三等奖学金,校级,校团委,2025-02-26,通过,陈晓宇,材料齐全，同意认定
202500667,校园十佳志愿者,校级,学生工作处,2026-06-20,通过,陈晓宇,符合认定条件，通过
202500668,校园十佳志愿者,校级,汽车工程学院,2025-01-23,驳回,陈晓宇,时间信息有误，请核对后重新提交
202500669,军训优秀学员,院级,学生工作处,2026-03-25,通过,陈晓宇,佐证材料完整，予以通过
202500670,校优秀学生干部,校级,学生工作处,2026-07-28,待审核,,
202500671,校优秀学生干部,校级,汽车工程学院,2026-04-01,通过,陈晓宇,符合认定条件，通过
202500672,校二等奖学金,校级,学生工作处,2026-06-27,通过,陈晓宇,符合认定条件，通过
202500673,国家奖学金,国家级,校团委,2025-01-10,通过,陈晓宇,材料齐全，同意认定
202500674,国家奖学金,国家级,学生工作处,2025-03-21,通过,陈晓宇,佐证材料完整，予以通过
202500675,校优秀学生干部,校级,汽车工程学院,2026-06-22,驳回,陈晓宇,盖章缺失，请重新上传完整材料
202500676,军训优秀学员,院级,学校,2025-02-13,通过,陈晓宇,材料齐全，同意认定
202500677,校二等奖学金,校级,学生工作处,2025-02-18,通过,陈晓宇,佐证材料完整，予以通过
202500678,校三好学生,校级,学生工作处,2026-03-03,通过,陈晓宇,佐证材料完整，予以通过
202500679,校三等奖学金,校级,学校,2026-07-12,驳回,陈晓宇,时间信息有误，请核对后重新提交
202500680,军训优秀学员,院级,汽车工程学院,2025-06-19,待审核,,
202500681,优秀共青团干部,校级,校团委,2026-05-14,通过,陈晓宇,符合认定条件，通过
202500682,国家奖学金,国家级,学生工作处,2026-05-22,通过,陈晓宇,符合认定条件，通过
202500683,校一等奖学金,校级,学生工作处,2026-06-27,通过,陈晓宇,符合认定条件，通过
202500684,校一等奖学金,校级,学校,2026-07-04,通过,陈晓宇,材料齐全，同意认定
202500685,校三等奖学金,校级,汽车工程学院,2026-02-25,待审核,,
202500686,军训优秀学员,院级,学生工作处,2025-05-03,通过,陈晓宇,符合认定条件，通过
202500687,优秀共青团干部,校级,学校,2025-12-19,通过,陈晓宇,材料齐全，同意认定
202500688,校园十佳志愿者,校级,校团委,2026-06-26,待审核,,
202500689,国家励志奖学金,国家级,学校,2025-08-10,驳回,陈晓宇,盖章缺失，请重新上传完整材料
202500690,校园十佳志愿者,校级,汽车工程学院,2026-04-16,通过,陈晓宇,佐证材料完整，予以通过
202500691,校二等奖学金,校级,校团委,2025-04-18,待审核,,
202500692,优秀共青团干部,校级,学生工作处,2025-06-12,驳回,陈晓宇,盖章缺失，请重新上传完整材料
202500693,校优秀学生干部,校级,汽车工程学院,2025-08-03,驳回,陈晓宇,认定依据不足，请补充说明材料
202500694,社会实践先进个人,校级,汽车工程学院,2026-04-25,待院长审批,陈晓宇,初审通过，转院长审批
202500695,优秀共青团员,校级,汽车工程学院,2025-05-18,待审核,,
202500696,校园十佳志愿者,校级,学校,2026-08-28,通过,陈晓宇,符合认定条件，通过
202500697,社会实践先进个人,校级,汽车工程学院,2025-09-09,驳回,陈晓宇,材料不完整，请补充佐证后重新提交
202500698,校优秀学生干部,校级,校团委,2025-04-27,通过,陈晓宇,佐证材料完整，予以通过
202500699,校园十佳志愿者,校级,校团委,2025-05-06,驳回,陈晓宇,时间信息有误，请核对后重新提交
202500700,校三等奖学金,校级,学校,2026-04-16,通过,陈晓宇,佐证材料完整，予以通过
202500701,优秀共青团员,校级,学校,2026-02-27,通过,陈晓宇,符合认定条件，通过
202500702,国家励志奖学金,国家级,学校,2025-06-15,通过,陈晓宇,材料齐全，同意认定
202500703,校优秀学生干部,校级,学校,2026-04-17,驳回,陈晓宇,盖章缺失，请重新上传完整材料
202500704,校优秀学生干部,校级,学校,2026-08-16,通过,陈晓宇,符合认定条件，通过
202500705,优秀共青团员,校级,学校,2025-05-27,驳回,陈晓宇,认定依据不足，请补充说明材料
202500706,优秀共青团干部,校级,汽车工程学院,2026-01-27,通过,陈晓宇,材料齐全，同意认定
202500707,校三等奖学金,校级,学校,2026-07-09,待审核,,
202500708,校三好学生,校级,学生工作处,2026-05-17,驳回,陈晓宇,时间信息有误，请核对后重新提交
202500709,校园十佳志愿者,校级,学生工作处,2025-12-18,通过,陈晓宇,符合认定条件，通过
202500710,国家奖学金,国家级,校团委,2026-08-03,驳回,陈晓宇,时间信息有误，请核对后重新提交
202500711,校二等奖学金,校级,学校,2026-06-02,通过,陈晓宇,材料齐全，同意认定
202500712,优秀共青团员,校级,学生工作处,2025-10-10,驳回,陈晓宇,盖章缺失，请重新上传完整材料
202500713,校园十佳志愿者,校级,学校,2025-09-19,通过,陈晓宇,符合认定条件，通过
202500714,国家奖学金,国家级,汽车工程学院,2026-07-13,驳回,陈晓宇,材料不完整，请补充佐证后重新提交
202500715,社会实践先进个人,校级,学生工作处,2026-05-19,待院长审批,陈晓宇,初审通过，转院长审批
202500716,军训优秀学员,院级,校团委,2025-07-25,待审核,,
202500717,校优秀学生干部,校级,校团委,2026-06-11,待审核,,
202500718,优秀共青团干部,校级,汽车工程学院,2025-04-05,待院长审批,陈晓宇,初审通过，转院长审批
202500719,军训优秀学员,院级,校团委,2025-04-28,通过,陈晓宇,佐证材料完整，予以通过
202500720,校三等奖学金,校级,学生工作处,2025-11-21,驳回,陈晓宇,盖章缺失，请重新上传完整材料
202500721,校三等奖学金,校级,汽车工程学院,2025-05-23,通过,陈晓宇,佐证材料完整，予以通过
202500722,国家励志奖学金,国家级,校团委,2025-12-02,通过,陈晓宇,材料齐全，同意认定
202500723,社会实践先进个人,校级,学生工作处,2025-04-20,通过,陈晓宇,佐证材料完整，予以通过
202500724,校三好学生,校级,校团委,2025-03-26,通过,陈晓宇,材料齐全，同意认定
202500725,国家励志奖学金,国家级,校团委,2026-07-09,待审核,,
202500726,优秀共青团干部,校级,学生工作处,2026-01-12,待审核,,
202500727,优秀共青团员,校级,汽车工程学院,2026-06-28,通过,陈晓宇,佐证材料完整，予以通过
202500728,校一等奖学金,校级,校团委,2026-07-23,通过,陈晓宇,材料齐全，同意认定
202500729,国家奖学金,国家级,汽车工程学院,2026-07-08,通过,陈晓宇,符合认定条件，通过
202500730,国家奖学金,国家级,校团委,2026-03-16,驳回,陈晓宇,材料不完整，请补充佐证后重新提交
202500731,校一等奖学金,校级,校团委,2026-03-14,通过,陈晓宇,符合认定条件，通过
202500732,校一等奖学金,校级,学生工作处,2026-01-21,驳回,陈晓宇,材料不完整，请补充佐证后重新提交
202500733,社会实践先进个人,校级,校团委,2025-09-06,公示中,陈晓宇,佐证材料完整，予以通过
202500734,校园十佳志愿者,校级,汽车工程学院,2026-04-20,通过,陈晓宇,材料齐全，同意认定
202500735,国家励志奖学金,国家级,汽车工程学院,2026-08-21,驳回,陈晓宇,时间信息有误，请核对后重新提交
202500736,优秀共青团员,校级,校团委,2025-08-26,通过,陈晓宇,符合认定条件，通过
202500737,校三等奖学金,校级,校团委,2026-08-24,通过,吴敏,符合认定条件，通过
202500738,校优秀学生干部,校级,汽车工程学院,2026-01-05,待审核,,
202500739,校二等奖学金,校级,学校,2026-07-14,通过,吴敏,材料齐全，同意认定
202500740,校园十佳志愿者,校级,校团委,2026-01-18,待审核,,
202500741,社会实践先进个人,校级,学校,2026-03-18,待审核,,
202500742,国家奖学金,国家级,学校,2026-02-27,驳回,吴敏,时间信息有误，请核对后重新提交
202500743,优秀共青团干部,校级,校团委,2026-04-16,驳回,吴敏,盖章缺失，请重新上传完整材料
202500744,优秀共青团干部,校级,学校,2025-06-21,待审核,,
202500745,校优秀学生干部,校级,学生工作处,2025-12-05,驳回,吴敏,认定依据不足，请补充说明材料
202500746,校三好学生,校级,汽车工程学院,2026-03-21,驳回,吴敏,盖章缺失，请重新上传完整材料
202500747,优秀共青团员,校级,学校,2025-09-01,通过,吴敏,材料齐全，同意认定
202500748,校三好学生,校级,校团委,2026-01-26,通过,吴敏,佐证材料完整，予以通过
202500749,校三等奖学金,校级,校团委,2025-04-09,驳回,吴敏,时间信息有误，请核对后重新提交
202500750,国家励志奖学金,国家级,学生工作处,2026-04-14,待审核,,
202500751,校三好学生,校级,汽车工程学院,2026-06-07,驳回,吴敏,盖章缺失，请重新上传完整材料
202500752,校三等奖学金,校级,学校,2026-03-28,待审核,,
202500753,校二等奖学金,校级,学生工作处,2025-12-23,驳回,吴敏,材料不完整，请补充佐证后重新提交
202500754,国家奖学金,国家级,学生工作处,2025-04-03,驳回,吴敏,认定依据不足，请补充说明材料
202500755,校二等奖学金,校级,校团委,2026-01-14,通过,吴敏,材料齐全，同意认定
202500756,国家励志奖学金,国家级,学校,2026-08-19,驳回,吴敏,时间信息有误，请核对后重新提交
202500757,校三等奖学金,校级,校团委,2026-01-22,通过,吴敏,佐证材料完整，予以通过
202500758,校三等奖学金,校级,学生工作处,2026-07-18,驳回,吴敏,盖章缺失，请重新上传完整材料
202500759,校三好学生,校级,学生工作处,2026-07-11,通过,吴敏,佐证材料完整，予以通过
202500760,优秀共青团干部,校级,校团委,2026-04-26,通过,吴敏,佐证材料完整，予以通过
202500761,校三等奖学金,校级,校团委,2025-09-27,通过,吴敏,佐证材料完整，予以通过
202500762,校优秀学生干部,校级,学校,2025-12-05,通过,吴敏,材料齐全，同意认定
202500763,校一等奖学金,校级,学生工作处,2025-09-25,通过,吴敏,符合认定条件，通过
202500764,国家励志奖学金,国家级,校团委,2025-05-22,驳回,吴敏,材料不完整，请补充佐证后重新提交
202500765,军训优秀学员,院级,学生工作处,2025-01-05,通过,吴敏,材料齐全，同意认定
202500766,社会实践先进个人,校级,学生工作处,2025-04-10,通过,吴敏,符合认定条件，通过
202500767,优秀共青团干部,校级,学校,2026-06-04,通过,吴敏,符合认定条件，通过
202500768,校三好学生,校级,学生工作处,2026-01-06,通过,吴敏,佐证材料完整，予以通过
202500769,校三等奖学金,校级,汽车工程学院,2025-06-24,待审核,,
202500770,校一等奖学金,校级,汽车工程学院,2026-05-04,待审核,,
202500771,校优秀学生干部,校级,汽车工程学院,2025-02-03,通过,吴敏,材料齐全，同意认定
202500772,军训优秀学员,院级,汽车工程学院,2025-11-09,驳回,吴敏,认定依据不足，请补充说明材料
202500773,校园十佳志愿者,校级,校团委,2026-07-09,通过,吴敏,符合认定条件，通过
202500774,校优秀学生干部,校级,校团委,2026-06-05,通过,吴敏,符合认定条件，通过
202500775,优秀共青团员,校级,校团委,2026-06-01,驳回,吴敏,材料不完整，请补充佐证后重新提交
202500776,校二等奖学金,校级,校团委,2026-03-25,通过,吴敏,佐证材料完整，予以通过
202500777,国家奖学金,国家级,校团委,2025-09-12,待审核,,
202500778,国家奖学金,国家级,汽车工程学院,2026-05-20,驳回,吴敏,盖章缺失，请重新上传完整材料
202500779,优秀共青团员,校级,学生工作处,2026-03-19,待审核,,
202500780,国家励志奖学金,国家级,汽车工程学院,2025-05-11,驳回,吴敏,材料不完整，请补充佐证后重新提交
202500781,校二等奖学金,校级,汽车工程学院,2026-05-13,通过,吴敏,材料齐全，同意认定
202500782,校三等奖学金,校级,汽车工程学院,2026-02-01,公示中,吴敏,佐证材料完整，予以通过
202500783,校一等奖学金,校级,学校,2025-07-25,通过,吴敏,材料齐全，同意认定
202500784,校三好学生,校级,汽车工程学院,2026-01-17,待审核,,
202500785,校优秀学生干部,校级,学校,2026-07-05,通过,吴敏,佐证材料完整，予以通过
202500786,校一等奖学金,校级,汽车工程学院,2025-07-05,驳回,吴敏,认定依据不足，请补充说明材料
202500787,国家奖学金,国家级,校团委,2026-03-06,待审核,,
202500788,军训优秀学员,院级,汽车工程学院,2026-07-05,通过,吴敏,符合认定条件，通过
202500789,优秀共青团员,校级,汽车工程学院,2025-12-12,驳回,吴敏,认定依据不足，请补充说明材料
202500790,国家励志奖学金,国家级,校团委,2026-04-01,驳回,吴敏,时间信息有误，请核对后重新提交
202500791,校二等奖学金,校级,汽车工程学院,2026-02-13,待院长审批,吴敏,初审通过，转院长审批
202500792,校园十佳志愿者,校级,学校,2026-03-09,公示中,吴敏,材料齐全，同意认定
202500793,军训优秀学员,院级,学生工作处,2025-03-01,待审核,,
202500794,社会实践先进个人,校级,学生工作处,2025-01-04,通过,吴敏,符合认定条件，通过
202500795,军训优秀学员,院级,汽车工程学院,2025-01-07,通过,吴敏,佐证材料完整，予以通过
202500796,优秀共青团干部,校级,汽车工程学院,2026-07-28,驳回,吴敏,材料不完整，请补充佐证后重新提交
202500797,优秀共青团员,校级,学校,2025-09-23,通过,吴敏,材料齐全，同意认定
202500798,优秀共青团干部,校级,校团委,2026-03-19,通过,吴敏,符合认定条件，通过
202500799,社会实践先进个人,校级,学生工作处,2026-04-11,通过,吴敏,符合认定条件，通过
202500800,校园十佳志愿者,校级,校团委,2026-01-04,驳回,吴敏,盖章缺失，请重新上传完整材料
202500801,校三等奖学金,校级,学生工作处,2025-08-14,驳回,吴敏,时间信息有误，请核对后重新提交
202500802,校三好学生,校级,学生工作处,2026-02-15,待审核,,
202500803,校三好学生,校级,学校,2025-10-11,通过,吴敏,符合认定条件，通过
202500804,优秀共青团干部,校级,汽车工程学院,2025-03-14,通过,吴敏,符合认定条件，通过
202500805,校三好学生,校级,汽车工程学院,2025-03-01,待审核,,
202500806,校三好学生,校级,学校,2026-08-21,驳回,杨光辉,认定依据不足，请补充说明材料
202500807,优秀共青团员,校级,校团委,2025-08-28,通过,杨光辉,佐证材料完整，予以通过
202500808,军训优秀学员,院级,学校,2026-01-03,驳回,杨光辉,认定依据不足，请补充说明材料
202500809,国家奖学金,国家级,校团委,2025-02-08,通过,杨光辉,材料齐全，同意认定
202500810,校一等奖学金,校级,校团委,2026-02-27,通过,杨光辉,符合认定条件，通过
202500811,军训优秀学员,院级,学生工作处,2025-12-27,待审核,,
202500812,校园十佳志愿者,校级,学校,2026-05-04,公示中,杨光辉,符合认定条件，通过
202500813,军训优秀学员,院级,学校,2026-05-06,待审核,,
202500814,校三等奖学金,校级,学校,2025-11-07,待审核,,
202500815,校三好学生,校级,汽车工程学院,2025-07-10,通过,杨光辉,佐证材料完整，予以通过
202500816,校三好学生,校级,学生工作处,2026-05-02,待院长审批,杨光辉,初审通过，转院长审批
202500817,校一等奖学金,校级,汽车工程学院,2025-12-02,待院长审批,杨光辉,初审通过，转院长审批
202500818,校园十佳志愿者,校级,校团委,2026-08-18,驳回,杨光辉,时间信息有误，请核对后重新提交
202500819,校园十佳志愿者,校级,学校,2026-01-04,通过,杨光辉,符合认定条件，通过
202500820,优秀共青团干部,校级,学校,2025-01-22,通过,杨光辉,佐证材料完整，予以通过
202500821,校一等奖学金,校级,汽车工程学院,2025-02-21,通过,杨光辉,材料齐全，同意认定
202500822,优秀共青团员,校级,汽车工程学院,2025-02-10,公示中,杨光辉,材料齐全，同意认定
202500823,社会实践先进个人,校级,汽车工程学院,2026-08-07,驳回,杨光辉,盖章缺失，请重新上传完整材料
202500824,优秀共青团员,校级,学校,2025-10-12,通过,杨光辉,符合认定条件，通过
202500825,校园十佳志愿者,校级,汽车工程学院,2025-12-07,待审核,,
202500826,校三等奖学金,校级,校团委,2025-11-18,通过,杨光辉,佐证材料完整，予以通过
202500827,校园十佳志愿者,校级,学生工作处,2025-02-22,通过,杨光辉,佐证材料完整，予以通过
202500828,国家励志奖学金,国家级,校团委,2025-10-12,驳回,杨光辉,认定依据不足，请补充说明材料
202500829,优秀共青团干部,校级,学生工作处,2025-07-04,待审核,,
202500830,社会实践先进个人,校级,汽车工程学院,2025-12-09,通过,杨光辉,符合认定条件，通过
202500831,国家奖学金,国家级,汽车工程学院,2026-01-16,通过,杨光辉,材料齐全，同意认定
202500832,优秀共青团干部,校级,汽车工程学院,2025-11-04,通过,杨光辉,材料齐全，同意认定
202500833,校一等奖学金,校级,学生工作处,2026-04-09,通过,杨光辉,符合认定条件，通过
202500834,校园十佳志愿者,校级,校团委,2025-06-13,通过,杨光辉,材料齐全，同意认定
202500835,校三好学生,校级,汽车工程学院,2026-06-19,通过,杨光辉,符合认定条件，通过
202500836,社会实践先进个人,校级,学生工作处,2025-01-08,通过,杨光辉,符合认定条件，通过
202500837,校园十佳志愿者,校级,学生工作处,2026-08-12,驳回,杨光辉,认定依据不足，请补充说明材料
202500838,校三好学生,校级,校团委,2026-08-16,通过,杨光辉,符合认定条件，通过
202500839,优秀共青团干部,校级,学生工作处,2026-02-18,通过,杨光辉,材料齐全，同意认定
202500840,军训优秀学员,院级,学校,2025-05-08,驳回,杨光辉,时间信息有误，请核对后重新提交
202500841,社会实践先进个人,校级,学校,2025-08-12,待审核,,
202500842,军训优秀学员,院级,学生工作处,2025-12-12,驳回,杨光辉,盖章缺失，请重新上传完整材料
202500843,校三等奖学金,校级,汽车工程学院,2026-08-12,驳回,杨光辉,时间信息有误，请核对后重新提交
202500844,优秀共青团员,校级,汽车工程学院,2026-08-17,驳回,杨光辉,认定依据不足，请补充说明材料
202500845,校三好学生,校级,学生工作处,2025-08-13,通过,杨光辉,材料齐全，同意认定
202500846,国家奖学金,国家级,学校,2026-05-17,驳回,杨光辉,盖章缺失，请重新上传完整材料
202500847,优秀共青团干部,校级,学生工作处,2025-02-15,通过,杨光辉,符合认定条件，通过
202500848,校园十佳志愿者,校级,校团委,2026-07-02,待审核,,
202500849,军训优秀学员,院级,校团委,2025-09-02,驳回,杨光辉,认定依据不足，请补充说明材料
202500850,校二等奖学金,校级,学生工作处,2025-06-28,待审核,,
202500851,校园十佳志愿者,校级,学校,2026-06-15,驳回,杨光辉,材料不完整，请补充佐证后重新提交
202500852,国家励志奖学金,国家级,学校,2026-08-07,通过,杨光辉,佐证材料完整，予以通过
202500853,校一等奖学金,校级,校团委,2025-03-02,通过,杨光辉,符合认定条件，通过
202500854,优秀共青团干部,校级,汽车工程学院,2026-07-11,通过,杨光辉,佐证材料完整，予以通过
202500855,校三等奖学金,校级,学校,2026-04-04,驳回,杨光辉,认定依据不足，请补充说明材料
202500856,校优秀学生干部,校级,学校,2025-01-08,待审核,,
202500857,校优秀学生干部,校级,汽车工程学院,2026-04-01,通过,杨光辉,符合认定条件，通过
202500858,校一等奖学金,校级,校团委,2025-10-19,通过,杨光辉,符合认定条件，通过
202500859,社会实践先进个人,校级,校团委,2025-06-08,驳回,杨光辉,盖章缺失，请重新上传完整材料
202500860,优秀共青团员,校级,学校,2025-11-11,待审核,,
202500861,国家奖学金,国家级,学校,2026-07-10,待院长审批,杨光辉,初审通过，转院长审批
202500862,校三好学生,校级,校团委,2026-01-16,驳回,杨光辉,时间信息有误，请核对后重新提交
202500863,军训优秀学员,院级,学校,2025-12-06,待院长审批,杨光辉,初审通过，转院长审批
202500864,校三等奖学金,校级,学生工作处,2026-08-09,通过,杨光辉,材料齐全，同意认定
202500865,校优秀学生干部,校级,学校,2026-06-16,通过,杨光辉,佐证材料完整，予以通过
202500866,校园十佳志愿者,校级,学生工作处,2025-02-10,通过,杨光辉,符合认定条件，通过
202500867,优秀共青团员,校级,校团委,2025-03-13,待审核,,
202500868,国家励志奖学金,国家级,学校,2026-04-12,通过,杨光辉,符合认定条件，通过
202500869,社会实践先进个人,校级,学校,2026-03-02,通过,杨光辉,符合认定条件，通过
202500870,社会实践先进个人,校级,汽车工程学院,2025-04-16,驳回,杨光辉,盖章缺失，请重新上传完整材料
202500871,校三等奖学金,校级,汽车工程学院,2025-01-24,通过,蒋明辉,材料齐全，同意认定
202500872,优秀共青团员,校级,学生工作处,2025-10-28,待审核,,
202500873,军训优秀学员,院级,校团委,2025-09-18,驳回,蒋明辉,材料不完整，请补充佐证后重新提交
202500874,校二等奖学金,校级,学生工作处,2026-06-02,驳回,蒋明辉,盖章缺失，请重新上传完整材料
202500875,校三好学生,校级,学校,2026-01-27,通过,蒋明辉,佐证材料完整，予以通过
202500876,校三等奖学金,校级,校团委,2026-03-13,通过,蒋明辉,符合认定条件，通过
202500877,校二等奖学金,校级,学校,2025-01-06,驳回,蒋明辉,认定依据不足，请补充说明材料
202500878,国家奖学金,国家级,校团委,2025-06-07,驳回,蒋明辉,认定依据不足，请补充说明材料
202500879,校园十佳志愿者,校级,学校,2025-09-22,通过,蒋明辉,材料齐全，同意认定
202500880,校二等奖学金,校级,学生工作处,2025-12-04,通过,蒋明辉,符合认定条件，通过
202500881,优秀共青团员,校级,校团委,2026-04-28,通过,蒋明辉,材料齐全，同意认定
202500882,优秀共青团员,校级,汽车工程学院,2025-06-06,驳回,蒋明辉,盖章缺失，请重新上传完整材料
202500883,校三好学生,校级,汽车工程学院,2025-11-18,通过,蒋明辉,符合认定条件，通过
202500884,校优秀学生干部,校级,学校,2025-10-04,驳回,蒋明辉,时间信息有误，请核对后重新提交
202500885,校园十佳志愿者,校级,学校,2025-07-17,通过,蒋明辉,材料齐全，同意认定
202500886,国家励志奖学金,国家级,学生工作处,2025-05-04,驳回,蒋明辉,时间信息有误，请核对后重新提交
202500887,校一等奖学金,校级,校团委,2026-06-02,待审核,,
202500888,校一等奖学金,校级,校团委,2025-09-09,待审核,,
202500889,校一等奖学金,校级,学校,2025-02-18,通过,蒋明辉,符合认定条件，通过
202500890,社会实践先进个人,校级,学校,2025-04-27,待院长审批,蒋明辉,初审通过，转院长审批
202500891,校园十佳志愿者,校级,汽车工程学院,2025-10-05,待院长审批,蒋明辉,初审通过，转院长审批
202500892,优秀共青团干部,校级,汽车工程学院,2026-02-17,公示中,蒋明辉,佐证材料完整，予以通过
202500893,军训优秀学员,院级,校团委,2026-01-25,驳回,蒋明辉,时间信息有误，请核对后重新提交
202500894,国家励志奖学金,国家级,学生工作处,2026-08-06,通过,蒋明辉,佐证材料完整，予以通过
202500895,国家奖学金,国家级,学校,2026-07-17,通过,蒋明辉,材料齐全，同意认定
202500896,国家奖学金,国家级,校团委,2026-07-05,通过,蒋明辉,材料齐全，同意认定
202500897,校一等奖学金,校级,汽车工程学院,2025-04-16,通过,蒋明辉,符合认定条件，通过
202500898,国家奖学金,国家级,学生工作处,2026-01-22,通过,蒋明辉,佐证材料完整，予以通过
202500899,军训优秀学员,院级,学生工作处,2026-06-10,待审核,,
202500900,优秀共青团员,校级,学生工作处,2026-06-24,待院长审批,蒋明辉,初审通过，转院长审批
