Type,Name,Request Count,Failure Count,Median Response Time,Average Response Time,Min Response Time,Max Response Time,Average Content Size,Requests/s,Failures/s,50%,66%,75%,80%,90%,95%,98%,99%,99.9%,99.99%,100%
GET,/api/audit/summary,28,0,58,519.9787678572777,31.967300001269905,3172.759799999767,1050.5,0.9753617503707194,0.0,66,150,420,830,3000,3100,3200,3200,3200,3200,3200
POST,/api/auth/login,50,16,2400,3741.4776519999577,201.31039999978384,9916.273099999671,399.84,1.7417174113762846,0.557349571640411,3000,6100,6400,6400,8100,8200,9900,9900,9900,9900,9900
GET,/api/dashboard/comp-forecast,17,0,74,122.77891764717745,32.37739999894984,475.629000000481,558960.8823529412,0.5921839198679367,0.0,74,140,150,170,290,480,480,480,480,480,480
GET,/api/dashboard/counsellor,17,0,80,355.04821764676734,16.927799999393756,2133.184700000129,982.0,0.5921839198679367,0.0,80,290,340,350,1500,2100,2100,2100,2100,2100,2100
GET,/api/dashboard/dean,20,0,210,537.2676249991855,197.4186000006739,5093.446299997595,1785.0,0.6966869645505138,0.0,230,270,420,450,890,5100,5100,5100,5100,5100,5100
GET,/api/dashboard/student/comp-forecast,58,0,53,357.0877120687485,22.27349999884609,3013.921699999628,1175.7758620689656,2.02039219719649,0.0,56,110,270,300,1500,2200,2300,3000,3000,3000,3000
GET,/api/dashboard/student/pandect,77,0,39,639.5806974027697,8.266199998615775,8089.1389999997045,653.7012987012987,2.6822448135194783,0.0,39,130,230,310,2300,5100,6300,8100,8100,8100,8100
GET,/api/entities/practice?page=1&pageSize=10,65,0,24,453.449027692673,9.071300002688076,8625.32320000173,1855.2307692307693,2.26423263478917,0.0,24,71,110,160,1400,2200,6500,8600,8600,8600,8600
,Aggregated,332,16,95,963.6587039156826,8.266199998615775,9916.273099999671,29648.35843373494,11.565003611538529,0.557349571640411,96,270,750,1300,3100,6300,8100,8200,9900,9900,9900
